PreyGene;WT_NC;WT_S;WT_FCS;G12_NC ;G12_S;G12_FCS;G13_NC;G13_S;G13_FCS;Q61_NC;Q61_S;Q61_FCS
SERPINB6;0;0;0;0;0;0;0;0;0;0;0;0
HDLBP;1;1;1;1;1;1;1;1;1;1;1;1
RPS9;0;0;0;0;0;0;0;0;0;0;0;0
EHD1;0;0;0;0;0;0;0;0;0;0;0;0
BAT3;0;0;0;0;0;0;0;0;0;0;0;0
ATP11C;0;0;0;0;0;0;0;0;0;0;1;0
DMD;0;0;0;0;0;0;0;0;0;0;0;0
CAPNS1;0;0;0;0;0;0;0;0;0;0;0;0
BCL2L12;0;0;0;0;0;0;0;0;0;0;0;0
TXNRD1;0;0;0;0;0;0;0;0;0;0;0;0
MAGI1;0;0;0;0;0;0;0;0;0;0;0;0
EIF2B4;0;0;0;0;0;0;0;0;0;0;0;0
PTPRJ;0;0;0;0;0;0;0;0;0;0;0;0
ROBO1;1;1;1;0;1;1;0;1;1;1;1;0
KHSRP;0;0;0;0;0;0;0;0;0;0;0;0
SDK1;0;0;0;0;0;0;0;0;0;0;0;0
PABPC1;1;1;1;0;1;1;1;1;1;1;1;0
UHRF1;0;0;0;0;0;0;0;0;0;0;0;0
CDH1;0;0;0;0;0;0;0;0;0;0;0;0
POLA1;0;0;0;0;0;0;0;0;0;0;0;0
SPCS2;0;0;0;0;0;0;0;0;0;0;0;0
HNRNPDL;0;0;0;0;0;0;0;0;0;0;0;0
RPS24;0;0;0;0;0;0;0;0;0;0;0;0
EIF5B;0;0;0;0;0;0;0;0;0;0;0;0
IKBKG;0;0;0;0;0;0;0;0;0;0;0;0
ARL15;0;0;0;0;0;0;0;0;0;0;0;0
SPTBN1;1;1;1;1;1;1;1;1;1;1;1;1
RPL10;0;0;0;0;0;0;0;0;0;0;0;0
SMAP2;0;0;0;0;0;0;0;0;0;0;0;0
ITSN2;0;0;0;0;0;0;0;0;0;0;0;0
MTHFD1L;0;0;0;0;0;0;0;0;0;0;0;0
CLTC;0;0;0;0;0;1;0;1;1;0;0;0
TTC28;0;0;0;0;0;0;0;0;0;0;0;0
EPT1;0;0;0;0;0;0;0;0;0;0;0;0
IQSEC1;0;0;0;0;0;0;0;0;0;0;0;0
NDUFA10;0;0;0;0;0;0;0;0;0;0;0;0
FAM83D;0;0;0;0;0;0;0;0;0;0;0;0
RPL17;0;0;0;0;0;0;0;0;0;0;0;0
MTSS1L;0;0;0;0;0;0;0;0;0;0;0;0
PRKAA2;0;0;0;0;0;0;0;0;0;0;0;0
VTA1;0;0;0;0;0;0;0;0;0;0;0;0
DHX29;0;0;0;0;0;0;0;0;0;0;0;0
PTGES3;0;0;0;0;0;0;0;0;0;0;0;0
FRMPD4;0;0;0;0;0;0;0;0;0;0;0;0
RAVER1;0;0;0;0;0;0;0;0;0;0;0;0
MAP7;0;0;0;0;0;0;0;0;0;0;0;0
PEG10;0;0;0;0;0;0;0;0;0;0;0;0
EIF3H;0;0;0;0;0;0;0;0;0;0;0;0
IDH3B;0;0;0;0;0;0;0;0;0;0;0;0
CADM1;0;1;0;0;0;0;0;0;0;0;0;0
R3HCC1L;0;0;0;0;0;0;0;0;0;0;0;0
CENPE;0;0;0;0;0;0;0;0;0;0;0;0
YTHDF3;0;0;0;0;0;0;0;0;0;0;0;0
RELA;0;0;0;0;0;0;0;1;0;0;1;0
STAU1;1;1;1;1;1;1;1;1;1;1;1;1
AGAP1;0;0;0;0;0;0;0;0;0;0;0;0
PSME2;0;0;0;0;0;0;0;0;0;0;0;0
CNN2;1;1;1;1;1;1;1;1;1;1;1;1
BSG;0;0;0;0;0;0;0;0;0;0;0;0
SRSF3;0;0;0;0;0;0;0;0;0;0;0;0
HECTD1;0;0;0;0;0;0;0;1;0;0;0;0
PSMC6;0;0;0;0;0;0;0;0;0;0;0;0
DOCK9;0;0;0;0;0;0;0;0;0;0;0;0
DOCK1;0;0;0;0;0;0;0;0;0;0;0;0
AAK1;0;0;0;0;0;0;0;0;0;0;0;0
SCLY;0;0;0;0;0;0;0;0;0;0;0;0
MYO10;0;0;0;0;0;0;0;0;0;0;0;0
MBNL1;0;0;0;0;0;0;0;0;0;0;0;0
CACHD1;0;0;0;0;0;0;0;0;0;0;0;0
HNRNPUL1;0;0;0;0;0;0;0;0;0;0;0;0
GPSM1;0;0;0;0;0;0;0;0;0;0;0;0
SYNE2;0;0;0;0;0;0;0;0;0;0;0;0
ASAP1;0;0;0;0;0;0;0;0;0;0;0;0
WDR47;0;0;0;0;0;0;0;0;0;0;0;0
AKAP9;0;0;0;0;0;0;0;0;0;0;0;0
SNX6;0;0;0;0;0;0;0;0;0;0;0;0
PCMT1;0;0;0;0;0;0;0;0;0;0;0;0
MYO6;1;0;1;1;0;1;1;0;1;1;0;0
ABI1;1;1;1;1;1;1;1;1;1;1;1;1
MPP2;0;0;0;0;0;0;0;0;0;0;0;0
RRBP1;0;0;0;0;0;0;0;0;0;0;0;0
TNIP1;0;0;0;0;0;0;0;0;0;0;0;0
SFXN3;0;0;0;0;0;0;0;0;0;0;0;0
CAMK2G;0;0;0;0;0;0;0;0;0;0;0;0
ABCC1;0;0;0;0;0;0;0;0;0;0;0;0
EXOC7;0;0;0;0;0;0;0;0;0;0;0;0
FHL2;0;0;0;0;0;0;0;0;0;0;0;0
RASA2;0;0;0;0;0;0;0;0;0;0;0;0
ARHGAP5;0;0;0;0;0;0;0;0;0;0;0;0
MARK3;1;1;1;0;1;1;1;1;1;1;1;0
SMARCA4;0;0;0;0;0;0;0;0;0;0;0;0
WDR36;0;0;0;0;0;0;0;0;0;0;0;0
RNF213;0;0;0;0;0;0;0;0;0;0;0;0
BTAF1;0;0;0;0;0;0;0;0;0;0;0;0
ROR1;0;0;0;0;0;0;0;0;0;0;0;0
SKP2;0;0;0;0;0;0;0;0;0;0;0;0
FAM65A;0;0;0;0;0;0;0;0;0;0;0;0
CORO7-PAM16;0;0;0;0;0;0;0;0;0;0;0;0
HELLS;0;0;0;0;0;0;0;0;0;0;0;0
NAA15;0;0;0;0;0;0;0;0;0;0;0;0
TPT1;0;0;0;0;0;0;0;0;0;0;0;0
LRRC41;0;0;0;0;0;0;0;0;0;0;0;0
ZCCHC11;0;0;0;0;0;0;0;0;0;0;0;0
SEC13;0;0;0;0;0;0;0;0;0;0;0;0
RPSA;0;0;0;0;0;0;0;0;0;0;0;0
ABI2;1;1;1;1;1;1;1;1;1;1;1;1
SYNE1;0;0;0;0;0;0;0;0;0;0;0;0
PVR;1;1;1;0;1;0;1;1;1;1;1;0
RABGAP1L;0;0;0;0;0;0;0;0;0;0;0;0
ARL6IP4;0;0;0;0;0;0;0;0;0;0;0;0
DDX46;0;0;0;0;0;0;0;0;0;0;0;0
CAST;0;0;0;0;0;0;0;1;0;0;0;0
STX3;0;0;0;0;0;0;0;0;0;0;0;0
PACSIN3;0;0;0;0;0;0;0;0;0;0;0;0
CHD4;0;0;0;0;0;0;0;0;0;0;0;0
NUMBL;0;0;0;0;0;0;0;0;0;0;0;0
CS;0;0;0;0;0;0;0;0;0;0;0;0
KIF18B;0;0;0;0;0;0;0;0;0;0;0;0
DHRS7B;0;0;0;0;0;0;0;0;0;0;0;0
DDOST;0;0;0;0;0;0;0;0;0;0;0;0
GOLGA2;0;0;0;0;0;0;0;0;0;0;0;0
CEPT1;0;0;1;0;0;1;1;1;1;1;1;0
CUL1;0;0;0;0;0;0;0;0;0;0;0;0
FAM120B;0;0;0;0;0;0;0;0;0;0;0;0
DDX3X;0;0;0;0;0;0;0;0;0;0;0;0
EWSR1;0;0;0;0;0;0;0;0;0;0;0;0
COBLL1;0;0;0;0;0;0;0;0;0;0;0;0
STXBP1;0;1;0;0;1;0;0;0;0;0;0;0
PHF6;0;0;0;0;0;0;0;0;0;0;0;0
SYNJ1;0;0;0;0;0;0;0;0;0;0;0;0
DIAPH1;0;1;0;0;1;1;0;1;1;0;1;1
PPP1R18;0;0;0;0;0;0;0;0;0;0;0;0
HSPA1B;0;0;0;0;0;0;0;1;0;0;0;0
RASSF7;0;0;0;0;0;0;0;0;0;0;0;0
SCRIB;1;1;1;1;1;1;1;1;1;1;1;1
TMEM132E;0;0;0;0;0;0;0;0;0;0;0;0
MATR3;0;0;0;0;0;0;0;0;0;0;0;0
CLN6;0;0;0;0;0;0;0;0;0;0;0;0
EIF4G3;0;0;0;0;0;0;0;0;0;0;0;0
ROCK1;0;0;0;0;0;0;0;0;0;0;0;0
DIP2C;0;0;0;0;0;0;0;0;0;0;0;0
DENND4A;0;0;0;0;0;0;0;0;0;0;0;0
ENAH;1;1;1;0;1;0;0;1;0;1;1;0
DOS;0;0;0;0;0;0;0;0;0;0;0;0
GNL1;0;0;0;0;0;0;0;0;0;0;0;0
HSPA12A;0;0;0;0;0;0;0;0;0;0;0;0
ADSL;0;0;0;0;0;0;0;0;0;0;0;0
RAB11FIP5;0;0;0;0;0;0;0;0;0;0;0;0
PXN;0;0;0;0;0;0;0;0;0;0;0;0
KIAA1279;0;0;0;0;0;0;0;0;0;0;0;0
DPYSL2;1;1;1;1;1;1;1;1;1;1;1;1
KIAA1598;0;1;0;0;0;0;0;1;1;1;1;1
MARVELD2;0;1;0;0;1;0;0;0;0;0;1;0
ILVBL;0;0;0;0;0;0;0;0;0;0;0;0
C1orf226;0;0;0;0;0;0;0;0;0;0;0;0
AAR2;0;0;0;0;0;0;0;0;0;0;0;0
HLA-C;0;0;0;0;0;0;0;0;0;0;0;0
MPG;0;0;0;0;0;0;0;0;0;0;0;0
VWA8;0;0;0;0;0;0;0;0;0;0;0;0
WDR91;0;0;0;0;0;0;0;0;0;0;0;0
CNOT1;1;1;1;1;1;1;1;1;1;1;1;1
C5orf51;0;0;0;0;0;0;0;0;0;0;0;0
HCFC1;0;0;0;0;0;0;0;1;1;0;1;1
NUDT5;0;0;0;0;0;0;0;0;0;0;0;0
WBP2;0;0;0;0;0;0;0;0;0;0;0;0
HN1L;1;1;1;0;1;1;0;1;0;1;1;1
YIF1A;0;0;0;0;0;0;0;0;0;0;0;0
DOCK11;0;0;0;0;0;0;0;0;0;0;0;0
CCDC85C;0;0;0;0;0;0;0;0;0;0;0;0
CD81;0;1;0;1;0;0;0;1;1;0;1;0
OBSL1;0;0;0;0;0;0;0;0;0;0;0;0
TP53BP1;0;0;0;0;0;0;0;0;0;0;0;0
PIP5K1A;1;1;1;0;1;0;0;1;1;1;1;0
BTBD11;0;0;0;0;0;0;0;0;0;0;0;0
FAM127A;0;0;0;0;0;0;0;0;0;0;0;0
MLLT4;0;1;0;0;0;0;0;0;0;0;0;0
FAM171A2;0;0;0;0;0;0;0;0;0;0;0;0
EIF3L;0;0;1;1;0;0;0;0;0;0;0;0
CPNE1;0;0;0;0;0;0;0;0;0;0;0;0
ARCN1;0;0;0;0;0;0;0;0;0;0;0;0
CYB5R3;0;0;0;0;0;0;0;0;0;0;0;0
PSMD10;0;0;0;0;0;0;0;0;0;0;0;0
EPHB2;0;0;0;0;0;0;0;0;0;0;0;0
NRD1;0;0;0;0;0;0;0;0;0;0;0;0
ADGRL2;1;1;1;0;1;0;0;1;1;1;1;1
HNRNPC;0;0;0;0;0;0;0;0;0;0;0;0
MARK1;0;0;0;0;0;0;0;0;0;0;0;0
COPS2;0;0;0;0;0;0;0;0;0;0;0;0
ECE1;0;0;0;0;0;0;0;0;0;0;0;0
MGRN1;0;0;0;0;0;0;0;0;0;0;0;0
SEC61A1;0;0;0;0;0;0;0;0;0;0;0;0
VBP1;0;0;0;0;0;0;0;0;0;0;0;0
ILF2;0;0;0;0;0;0;0;0;0;0;0;0
STK26;0;0;0;0;0;0;0;0;0;0;0;0
RIOK3;0;0;0;0;0;0;0;0;0;0;0;0
EML4;0;0;0;0;0;0;0;0;0;0;0;0
EPCAM;0;0;0;0;0;0;0;0;0;0;0;0
PES1;0;0;0;0;0;0;0;0;0;0;0;0
RAN;0;0;0;0;0;0;0;0;0;0;0;0
FGD4;0;0;0;0;0;0;0;0;0;0;0;0
RPL31;0;0;0;0;0;0;0;0;0;0;0;0
ST7;0;0;0;0;0;0;0;0;0;0;0;0
SH3GLB2;1;1;0;0;1;0;0;1;0;1;1;0
SCARB1;0;0;0;0;0;0;0;0;0;0;1;0
FNBP1;0;0;0;0;0;0;0;0;0;0;0;0
PCDH9;0;0;0;0;0;0;0;0;0;0;0;0
SRGAP2;1;1;1;0;1;1;1;1;1;1;1;1
MPP6;0;0;0;0;0;0;0;0;0;0;0;0
ANKZF1;0;0;0;0;0;0;0;0;0;0;0;0
AGFG1;0;0;0;0;0;0;0;0;0;0;0;0
IMMT;0;0;0;0;0;0;0;0;0;0;0;0
DKC1;0;0;0;0;0;0;0;0;0;0;0;0
CNKSR3;0;0;0;0;0;0;0;0;0;0;0;0
PFN2;0;0;0;0;0;0;0;0;0;0;0;0
SRI;0;0;0;0;0;0;0;0;0;0;1;0
POLR2B;1;1;0;1;1;1;1;1;1;1;1;1
MKRN2;0;0;0;0;0;0;0;0;0;0;0;0
IGF1R;0;1;0;0;1;0;0;1;0;0;1;0
SPRED2;0;0;0;0;0;0;0;0;0;0;0;0
PLSCR1;0;1;1;0;1;0;0;0;1;0;1;0
NMD3;0;0;0;0;0;0;0;0;0;0;0;0
SSR3;0;0;0;0;0;0;0;0;0;0;0;0
MRPS34;0;0;0;0;0;0;0;0;0;0;0;0
ARVCF;0;0;0;0;0;0;0;0;0;0;0;0
CAV1;0;0;0;0;0;0;0;0;0;0;0;0
NUCB1;0;0;0;0;0;0;0;0;0;0;0;0
RPL24;0;0;0;0;0;0;0;0;0;0;0;0
CRTAP;0;0;0;0;0;0;0;0;0;0;0;0
CHCHD3;0;0;0;0;0;0;0;0;0;0;0;0
NRCAM;0;0;0;0;0;0;0;0;0;0;0;0
RFC4;0;0;0;0;0;0;0;0;0;0;0;0
CTNND1;1;1;1;1;1;1;1;1;1;1;1;1
RPL35A;0;0;0;0;0;0;0;0;0;0;0;0
RAPH1;0;0;0;0;0;0;0;0;0;0;0;0
EIF4G2;0;0;0;0;0;0;0;0;0;0;0;0
IRAK1;0;0;0;0;0;0;0;0;0;0;1;0
CAMK2D;0;0;0;0;0;0;0;1;0;0;1;0
EIF4E;0;0;0;0;0;0;0;0;0;0;0;0
SEPT11;0;0;0;0;0;0;0;0;0;0;0;0
SEC31A;0;0;0;0;0;0;0;0;0;0;0;0
MCC;0;0;0;0;0;0;0;0;0;0;0;0
COX7A2;0;0;0;0;0;0;0;0;0;0;0;0
GRK6;0;0;0;0;0;0;0;0;0;0;0;0
CLASP2;0;0;0;0;0;0;0;0;0;0;0;0
OPA1;0;0;0;0;0;0;0;0;0;0;0;0
PROSC;0;0;0;0;0;0;0;0;0;0;0;0
TCEB1;0;0;0;0;0;0;0;0;0;0;0;0
SLC39A14;0;0;0;0;0;0;0;0;0;0;0;0
TBCA;1;0;0;0;0;0;0;0;0;0;0;0
PSD3;0;0;0;0;0;0;0;0;0;0;0;0
COPS6;0;0;0;0;0;0;0;0;0;0;0;0
FLOT2;0;0;0;0;0;0;0;0;0;0;0;0
CCT5;0;0;0;0;0;0;0;0;0;0;0;0
SEPT7;0;1;0;0;1;0;0;1;0;0;1;0
PRRC2C;1;1;1;1;1;1;1;1;1;1;1;1
SNCA;0;0;0;0;0;0;0;0;0;0;0;0
EZR;1;1;1;1;1;1;1;1;1;1;1;1
SMN1;0;0;0;0;0;0;0;0;0;0;0;0
ZC3H18;0;0;0;0;0;0;0;0;0;0;0;0
PTK2;0;0;0;0;0;0;0;0;0;0;0;0
ANKRD26;1;1;0;0;1;0;0;0;0;0;1;0
MAP4K4;0;1;0;0;0;0;0;1;0;0;1;0
U2SURP;0;0;0;0;0;0;0;0;0;0;0;0
CSNK2A1;0;0;0;0;0;0;0;0;0;0;0;0
EIF4G1;0;0;1;0;0;0;0;1;0;0;1;0
MAP4;1;1;0;1;1;0;1;1;1;1;1;0
KLC1;0;1;0;0;1;0;1;1;1;1;1;1
CYFIP2;1;1;1;1;1;1;1;1;1;1;1;1
EIF4B;1;1;1;1;1;1;1;1;1;1;1;1
DCTN1;0;0;0;0;0;0;0;0;0;0;0;0
CHTF18;0;0;0;0;0;0;0;0;0;0;0;0
NACA;0;0;0;0;0;0;0;0;0;0;0;0
ZC3H11A;0;0;0;0;0;0;0;0;0;0;0;0
MARK2;0;1;0;0;1;0;0;1;0;0;1;0
RAPGEF6;0;0;0;0;0;0;0;0;0;0;0;0
HSPA4L;0;0;0;0;0;0;0;0;0;0;0;0
MYO1B;0;1;0;0;1;1;1;1;1;1;1;1
PCCB;0;0;0;0;0;0;0;0;0;0;0;0
ATP11A;0;0;0;0;0;0;0;0;0;0;0;0
NRP1;0;1;0;0;0;0;0;0;0;0;0;0
PDPK1;0;0;0;0;0;0;0;0;0;0;0;0
NUP155;0;1;1;1;1;1;0;1;1;1;1;1
TBL2;0;0;0;0;0;0;0;0;0;0;0;0
PHLDB2;0;0;0;0;1;0;0;0;0;0;0;0
PPP2R5D;0;0;0;0;0;0;0;0;0;0;0;0
EPHA4;0;0;0;0;0;0;0;0;0;0;0;0
TSN;0;0;0;0;0;0;0;0;0;0;0;0
CALD1;1;1;1;1;1;0;1;1;1;1;1;1
NCAPH;0;0;0;0;0;0;0;0;1;0;0;1
DST;1;1;1;0;1;0;0;0;1;1;1;1
MERTK;0;0;0;0;0;0;0;0;0;0;0;0
EPB41L2;1;1;1;0;1;0;0;1;1;1;1;0
SLC25A22;0;0;0;0;0;0;0;0;0;0;0;0
ACOT8;0;0;0;0;0;0;0;0;0;0;0;0
EEF1D;0;0;0;0;0;0;0;0;0;0;0;0
BCLAF1;0;0;0;0;0;0;0;0;0;0;0;0
PLEKHA7;1;1;1;0;1;0;0;1;0;1;1;0
PPP6R3;0;0;0;0;0;0;0;0;0;0;0;0
PRMT1;0;0;0;0;0;0;0;0;0;1;1;0
NPEPPS;0;0;0;0;0;0;0;0;0;0;0;0
TYK2;0;0;0;0;0;0;0;0;0;0;0;0
C11orf58;0;0;0;0;0;0;0;0;0;0;0;0
CD151;0;0;0;0;0;0;0;0;0;0;0;0
ARHGEF12;0;0;0;0;0;0;0;0;0;0;0;0
PFDN4;0;0;0;0;0;0;0;0;0;0;0;0
SEC16A;1;1;1;1;1;1;1;1;1;1;1;1
IQGAP3;0;0;0;0;0;0;0;0;0;0;0;0
TRMT2A;0;0;0;0;0;0;0;0;0;0;0;0
WNK1;0;0;0;0;0;0;0;0;0;0;1;0
TRMT112;0;0;1;0;0;1;0;0;1;1;0;1
DDX24;0;0;0;0;0;0;0;0;0;0;0;0
OTUB1;0;0;0;0;0;0;0;0;0;0;0;0
SLC3A2;1;1;1;1;1;1;1;1;1;1;1;1
POLE;0;0;0;0;0;0;0;0;0;0;0;0
GOPC;0;0;0;0;0;0;0;0;0;0;0;0
MTHFD1;0;0;0;0;0;0;0;0;0;0;0;0
SEC23A;0;0;0;0;0;0;0;0;0;0;0;0
VPS37B;0;0;0;0;0;0;0;0;0;0;0;0
GRIP1;0;0;0;0;0;0;0;0;0;0;0;0
NAP1L1;0;0;0;0;0;0;0;0;0;0;0;0
TUBA1C;0;0;0;0;0;0;0;0;0;0;0;0
GRSF1;0;0;0;0;0;0;0;0;0;0;0;0
LRP6;0;0;0;0;0;0;0;0;0;0;0;0
GLOD4;0;0;0;0;0;0;0;0;0;0;0;0
LGALS8;0;0;0;0;0;0;0;0;0;0;0;0
POLDIP3;0;0;0;0;0;0;0;0;0;0;0;0
CAD;0;0;0;0;0;0;0;0;0;0;0;0
ATXN2;0;0;0;0;0;0;0;0;0;0;0;0
SLC38A2;0;1;1;1;1;1;0;1;1;1;1;0
COPZ1;0;0;0;0;0;0;0;0;0;0;0;0
KIAA0430;0;0;0;0;0;0;0;0;0;0;0;0
DENR;0;0;0;0;0;0;0;0;0;0;0;0
SMARCC2;0;0;0;0;0;0;0;0;0;0;0;0
FMNL3;0;0;0;0;0;0;0;0;0;0;0;0
MYL6;0;0;0;0;0;0;1;0;0;1;0;0
HNRNPA1;0;0;0;0;0;0;0;0;0;0;0;0
RPL32;0;0;0;0;0;0;0;0;0;0;0;0
MRE11A;0;0;0;0;0;0;0;0;0;0;0;0
MTMR1;0;0;0;0;0;0;0;0;0;0;0;0
EIF2A;0;0;0;0;0;0;0;0;0;0;0;0
MYO5A;1;0;1;1;0;1;1;0;1;1;0;0
ATP6V1D;0;0;0;0;0;0;0;0;0;0;0;0
ATP5J2-PTCD1;0;0;0;0;0;0;0;0;0;0;0;0
AHSA1;0;0;0;0;0;0;0;0;0;0;0;0
CDK2;0;0;0;0;0;0;0;0;0;0;0;0
PSMA6;0;0;0;0;0;0;0;0;0;0;0;0
PAPOLA;0;0;0;0;0;0;0;0;0;0;0;0
SBF1;1;1;1;1;1;1;1;1;1;1;1;1
USP11;0;0;0;0;0;0;0;0;0;0;0;0
TJP1;1;1;1;1;1;1;1;1;1;1;1;1
CDC27;0;0;0;0;0;0;0;0;0;0;0;0
HNRNPH1;0;0;0;0;0;0;0;0;0;0;0;0
ERC1;0;0;0;0;0;0;0;0;0;0;0;0
DNM1L;0;0;0;0;0;0;0;0;0;0;0;0
ZYX;1;1;1;1;1;1;1;1;1;1;1;0
DPM1;0;0;0;0;0;0;0;0;0;0;0;0
DAB2IP;0;0;0;0;0;0;0;0;0;0;0;0
DOCK4;0;0;0;0;0;0;0;0;0;0;0;0
RPL36A;0;0;0;0;0;0;0;0;0;0;0;0
TNRC6B;0;0;0;0;0;0;0;0;0;0;0;0
CALM2;0;0;0;0;0;0;0;0;0;0;0;0
AHCYL2;0;0;0;0;0;0;0;0;0;0;0;0
HNRNPD;0;0;0;0;0;0;0;0;0;0;0;0
PCDH7;0;0;0;0;0;1;0;1;1;1;1;1
TRPA1;0;0;0;0;0;0;0;0;0;0;0;0
ADAR;0;0;0;0;0;0;0;0;0;0;0;0
CRTC2;0;0;0;0;0;0;0;0;0;0;0;0
PPP5C;0;0;0;0;0;0;0;0;0;0;0;0
EIF2AK4;0;0;0;0;0;0;0;0;0;0;0;0
RPS27L;0;0;0;0;0;0;0;0;0;0;0;0
UACA;1;1;1;1;1;1;1;1;1;1;1;1
TYRO3;0;0;0;0;0;0;0;0;0;0;0;0
DUT;0;0;0;0;0;0;0;0;0;0;0;0
DDX17;0;0;0;0;0;0;0;0;0;0;0;0
RAB11A;0;0;0;0;0;0;0;0;0;0;0;0
IST1;0;0;0;0;0;0;0;0;0;0;0;0
TBC1D24;0;0;0;0;0;0;0;0;0;0;0;0
MACF1;1;1;1;1;1;1;1;1;1;1;1;1
PFDN5;0;0;0;0;0;0;0;0;0;0;0;0
NFATC3;0;0;0;0;0;0;0;0;0;0;0;0
RPAP1;0;0;0;0;0;0;0;0;0;0;0;0
EARS2;0;0;0;0;0;0;0;0;0;0;0;0
LPCAT2;0;0;0;0;0;0;0;0;0;0;0;0
ESYT2;0;0;0;0;0;0;0;0;0;0;0;0
DHX30;0;0;0;0;0;0;0;0;0;0;0;0
ZPR1;0;0;0;0;0;0;0;0;0;0;0;0
TRIM4;0;0;0;0;0;0;0;0;0;0;0;0
RAF1;0;0;0;0;1;0;0;1;1;0;1;0
COBL;0;0;0;0;0;0;0;0;0;0;0;0
SRRT;0;0;0;0;0;0;0;0;0;0;0;0
FARP2;0;0;1;0;0;0;0;0;0;0;0;0
ATG2A;0;0;0;0;0;0;0;0;0;0;0;0
XRN1;0;0;0;0;0;0;0;0;0;0;0;0
IAH1;0;0;0;0;0;0;0;0;0;0;0;0
DDX19A;0;0;0;0;0;0;0;0;0;0;0;0
NSF;0;0;0;0;0;0;0;0;0;0;0;0
DGKE;0;0;0;0;0;0;0;0;0;0;0;0
CLUH;0;0;0;0;0;0;0;0;0;0;0;0
GEMIN4;0;0;0;0;0;0;0;0;0;0;0;0
CEP131;0;0;0;0;0;0;0;0;0;0;0;0
DVL2;0;0;0;0;0;0;0;0;0;0;0;0
MAZ;0;0;0;0;0;0;0;0;0;0;0;0
EIF5A;1;1;1;1;1;1;1;1;1;1;1;0
ANK2;0;0;0;0;0;0;0;0;0;0;0;0
ECM29;0;0;0;0;0;0;0;0;0;0;0;0
TOR1AIP1;0;0;0;0;0;0;0;0;0;0;0;0
DDX41;0;0;0;0;0;0;0;0;0;0;0;0
AGTPBP1;0;0;0;0;0;0;0;0;0;0;0;0
LUC7L3;0;0;0;0;0;0;0;0;0;0;0;0
OLA1;0;0;0;0;0;0;0;0;0;0;0;0
PTRH2;0;0;0;0;0;0;0;0;0;0;0;0
CEP170B;0;0;0;0;0;0;0;0;0;0;0;0
TBCD;0;0;0;0;0;0;0;0;0;0;0;0
DDX5;0;0;0;0;0;0;0;0;0;0;0;0
RPL19;0;0;0;0;0;0;0;0;0;0;0;0
ARHGDIA;0;0;0;0;0;0;0;0;0;0;0;0
SNRPN;0;0;0;0;0;0;0;0;0;0;0;0
AURKB;0;0;0;0;0;0;0;0;0;0;0;0
CDKN2A;0;0;0;0;0;0;0;0;0;0;0;0
CDK5RAP3;0;0;0;0;0;0;0;0;0;0;0;0
MYL12A;0;0;0;0;0;0;1;0;0;0;0;0
ZNF207;0;0;0;0;0;0;0;0;0;0;0;0
YES1;1;1;1;1;1;1;1;1;1;1;1;1
LLGL2;0;0;0;0;0;0;0;0;0;0;0;0
HELZ;0;0;0;0;0;0;0;0;0;0;0;0
TMCO1;0;0;0;0;0;0;0;0;0;0;0;0
LONP1;0;0;0;0;0;0;0;0;0;0;0;0
AP1M1;0;0;0;0;0;0;0;0;0;0;0;0
H3F3B;0;0;0;0;0;0;0;0;0;0;0;0
DAZAP1;0;0;0;0;0;0;0;0;0;0;0;0
RPS15;0;0;0;0;0;0;0;0;0;0;0;0
SYNGR2;0;0;0;0;0;0;0;0;0;0;0;0
RBM42;0;0;0;0;0;0;0;0;0;0;0;0
EIF3K;0;0;0;0;0;0;0;0;0;0;0;0
SARS2;0;0;0;0;0;0;0;0;0;0;0;0
COPE;0;0;0;0;0;0;0;0;0;0;1;0
GRAMD1A;0;0;0;0;0;0;0;0;0;0;0;0
SAMD4B;0;0;0;0;0;0;0;0;0;0;0;0
ARHGEF1;0;0;0;0;0;0;0;0;0;0;0;0
RPS5;0;0;0;0;0;0;0;0;0;0;0;0
RPL18A;0;0;0;0;0;0;0;0;0;0;0;0
POLD1;0;0;0;0;0;0;0;0;0;0;0;0
SHKBP1;1;1;1;1;1;1;1;1;1;1;1;1
SUGP2;0;0;0;0;0;0;0;0;0;0;0;0
KIF2A;1;1;1;1;1;0;1;1;0;1;1;0
PDLIM1;1;1;1;1;1;1;1;1;1;1;1;1
MYO1C;1;0;0;1;0;1;1;0;0;1;0;0
SNAP23;1;1;1;1;1;1;1;1;1;1;1;1
AIP;0;1;0;0;1;0;0;1;0;0;1;0
GTPBP1;0;0;0;0;0;0;0;0;0;0;0;0
STXBP3;0;0;0;0;0;0;0;0;0;0;0;0
AP3B1;0;1;1;0;0;0;0;0;0;0;1;1
PSMD11;0;0;0;0;0;0;0;0;0;0;0;0
PGRMC1;0;0;0;0;0;0;0;0;0;0;0;0
SUPT5H;0;0;0;0;0;0;0;0;0;0;0;0
CLIC1;0;0;0;0;0;0;0;0;0;0;0;0
EIF3F;0;0;0;0;0;0;0;0;0;0;0;0
WASL;0;0;0;0;0;0;0;0;0;0;0;0
IPO5;0;0;0;0;0;1;0;0;1;0;0;1
IGF2BP3;0;0;0;0;0;0;0;0;0;0;0;0
RTCA;0;0;0;0;0;0;0;0;0;0;0;0
PIK3R2;0;0;0;0;0;0;0;0;0;0;0;0
EXOC5;0;0;0;0;0;0;0;0;0;0;0;0
NDUFA4;0;0;0;0;0;0;0;0;0;0;0;0
PSMD14;0;0;0;0;0;0;0;0;0;0;0;0
KPNA3;0;0;0;0;0;0;0;0;0;0;0;0
NOP56;0;0;0;0;0;0;0;0;0;0;0;0
PODXL;0;0;0;0;0;0;0;0;0;0;0;0
PPP6C;0;0;0;0;0;0;0;0;0;0;0;0
ACACB;0;0;0;0;0;0;0;0;0;0;0;0
SCD;0;0;0;0;0;0;0;0;0;0;0;0
TRAFD1;1;0;0;0;0;0;0;0;0;0;0;0
CIT;0;0;0;0;0;0;0;0;0;0;0;0
EIF1AX;0;0;0;0;0;0;0;0;0;0;0;0
AP3D1;0;0;0;0;0;0;0;0;0;0;0;0
ABLIM1;0;0;0;0;0;0;0;0;0;0;0;0
IRS4;1;1;1;1;1;1;1;1;1;1;1;1
PDCD5;0;0;1;0;0;0;0;0;0;0;0;0
PRMT5;0;0;0;0;0;0;0;0;0;0;0;0
SLC9A3R1;0;0;0;0;0;0;0;0;0;0;0;0
TCERG1;0;0;1;1;0;1;0;0;1;0;0;1
POLR3A;0;0;0;0;0;0;0;0;0;0;0;0
PSMA7;0;0;0;0;0;0;0;0;0;0;0;0
SCAMP3;1;1;1;0;1;1;0;1;1;1;1;0
BACH1;0;0;0;0;0;0;0;0;0;0;0;0
GEMIN2;0;0;0;0;0;0;0;0;0;0;0;0
GIPC1;0;0;0;0;0;0;0;0;0;0;0;0
TIMM23;0;0;0;0;0;0;0;0;0;0;0;0
HAT1;0;0;0;0;0;0;0;0;0;0;0;0
CASK;1;1;1;1;1;1;1;1;1;1;1;1
UQCRQ;0;0;0;0;0;0;0;0;0;0;0;0
HGS;0;1;0;0;1;0;0;1;0;0;1;0
AURKA;0;0;0;0;0;0;0;0;0;0;0;0
PPP1R12A;1;1;1;1;1;1;1;1;1;1;1;1
GAK;0;0;0;0;0;0;0;0;0;0;0;0
XPO1;0;0;1;0;0;1;0;0;1;0;0;1
SPTBN2;0;0;0;0;0;0;0;0;0;0;0;0
PLXNB2;0;0;0;0;0;0;0;0;0;0;0;0
KIAA0355;0;0;0;0;0;0;0;0;0;0;0;0
PFAS;0;0;0;0;1;0;0;1;0;0;1;0
CHUK;0;0;0;0;0;0;0;0;0;0;0;0
POLR1C;0;0;0;0;0;0;0;0;0;0;0;0
PFDN6;0;0;0;0;0;0;0;0;0;0;0;0
CASC3;0;0;0;0;0;0;0;0;0;0;0;0
MRPS12;0;0;0;0;0;0;0;0;0;0;0;0
SPTLC1;0;1;0;0;1;0;0;1;0;0;1;0
SPTLC2;0;0;0;0;0;0;0;0;0;0;0;0
OGT;0;0;0;0;0;0;0;0;0;0;0;0
MID1;0;0;0;0;0;0;0;0;0;0;0;0
PPM1G;0;0;0;0;0;0;0;0;0;0;0;0
INPPL1;0;0;0;0;0;0;0;0;0;0;0;0
EIF3D;0;1;0;0;0;0;0;1;0;0;0;0
STX7;1;1;1;1;1;1;1;1;1;1;1;1
ABCC4;0;0;0;0;0;0;0;0;0;0;0;0
ABCC5;0;0;0;0;0;0;0;0;0;0;0;0
YKT6;0;0;0;0;0;0;0;0;0;0;0;0
DHX15;0;1;0;0;1;0;0;1;0;0;1;0
PHGDH;0;0;0;0;0;0;0;0;0;0;0;0
PSMD3;0;0;0;0;0;0;0;0;0;0;0;0
RBFOX2;0;0;0;0;0;0;0;0;0;0;0;0
MAP3K7;0;0;0;0;0;0;0;0;0;0;0;0
WDR62;0;0;0;0;0;0;0;0;0;0;0;0
HNRNPR;0;0;0;0;0;0;0;0;0;0;0;0
TXNL1;0;0;0;0;0;0;0;0;0;0;0;0
FIBP;0;0;0;0;0;0;0;0;0;0;0;0
XPOT;0;0;0;0;0;0;0;0;0;0;0;0
NCK2;0;0;0;0;0;0;0;0;0;0;0;0
PRC1;0;0;0;0;0;0;0;0;0;0;0;0
BUB3;0;0;0;0;0;0;0;0;0;0;0;0
ACTN4;1;1;1;1;1;1;1;1;1;1;1;1
AP1G1;0;0;0;0;0;0;0;0;0;0;0;0
SGTA;0;0;0;0;0;0;0;0;0;0;0;0
NARS;0;0;0;0;0;0;0;0;0;0;0;0
NUDT21;0;0;0;0;0;0;0;0;0;0;0;0
LANCL1;0;0;0;0;0;0;0;0;0;0;0;0
AKAP8;0;0;0;0;0;0;0;0;0;0;0;0
CALU;0;0;0;0;0;0;0;0;0;0;0;0
ORC5;0;0;0;0;0;0;0;0;0;0;0;0
DHX16;0;0;0;0;0;0;0;0;0;0;0;0
PRPSAP2;0;0;0;0;0;0;0;0;0;0;0;0
SMARCA5;0;0;0;0;0;1;0;0;0;0;0;0
SPAG9;1;1;1;1;1;1;1;1;1;1;1;1
KIF5C;0;0;0;0;0;0;0;0;0;0;0;0
KDM1A;0;0;0;0;0;0;0;0;0;0;0;0
TBC1D4;0;1;0;0;0;0;0;0;0;0;1;0
SNX3;0;0;0;0;0;0;0;0;0;0;0;0
MGEA5;0;0;0;0;0;0;0;0;0;0;0;0
ADCY9;0;0;0;0;0;0;0;0;0;0;0;0
SYNCRIP;0;0;0;1;1;1;1;1;0;0;1;0
GMDS;0;0;0;0;0;0;0;0;0;0;0;0
BUB1B;0;0;0;0;0;0;0;1;0;0;1;0
EIF4E2;0;0;0;0;0;0;0;0;0;0;0;0
EXOC3;0;0;0;0;0;0;0;0;0;0;0;0
PRMT3;0;0;0;0;0;0;0;0;0;0;0;0
KPNA6;0;0;0;0;0;0;0;0;0;0;0;0
USO1;0;0;0;0;0;0;0;0;0;0;0;0
CCDC22;0;0;0;0;0;0;0;0;0;0;0;0
DNAJA2;0;0;0;0;0;0;0;0;0;0;0;0
PLXNA2;0;0;0;0;0;0;0;0;0;0;0;0
IGSF3;0;0;0;0;0;0;0;0;0;0;0;0
ROCK2;0;0;0;0;0;0;0;0;0;0;0;0
CPNE3;1;1;0;1;1;0;1;1;0;1;1;0
HIP1R;1;1;1;1;1;1;1;1;1;1;1;1
CAND2;0;0;0;0;0;0;0;0;0;0;0;0
PPP6R2;0;0;0;0;0;0;0;0;0;0;0;0
CNOT3;0;0;0;0;0;0;0;0;0;0;0;0
ANKRD17;0;0;0;0;0;0;0;0;0;0;0;0
HMMR;0;0;0;0;0;0;0;1;0;0;0;0
PDCD6;0;0;0;0;0;0;0;0;0;0;0;0
FLNB;1;1;1;1;1;1;1;1;1;1;1;1
ULK1;0;0;0;0;0;0;0;0;0;0;0;0
SEC22B;0;0;0;0;0;0;0;0;0;0;0;0
PRPF40A;0;0;0;0;0;0;0;0;0;0;0;0
TACC1;0;0;0;0;0;0;0;1;0;0;1;0
KATNA1;0;0;0;0;0;0;0;0;0;0;0;0
PSIP1;0;0;0;0;0;0;0;0;0;0;0;0
NDUFS3;0;0;0;0;0;0;0;0;0;0;0;0
SF3B1;0;0;0;0;0;0;0;0;0;0;0;0
CSDE1;1;1;1;1;1;1;1;1;1;1;1;1
MYCBP2;0;0;0;0;0;0;0;0;0;0;0;0
SNRNP200;0;0;1;1;0;0;0;0;0;0;0;0
TIPRL;0;0;0;0;0;0;0;0;0;0;0;0
RP2;0;1;0;0;0;0;0;0;0;0;0;0
SLC25A12;0;0;0;0;0;0;0;0;0;0;0;0
PALM;0;0;0;0;0;0;0;0;0;0;0;0
EIF3G;0;0;0;0;0;0;1;0;0;0;0;0
EIF3J;0;0;0;0;0;0;0;0;0;0;0;0
ZMPSTE24;0;0;0;0;0;0;0;0;0;0;0;0
ATRN;0;0;0;0;0;0;0;0;0;0;0;0
STAM2;0;0;0;0;0;0;0;0;0;0;0;0
PIAS1;0;0;0;0;0;0;0;0;0;0;0;0
FLOT1;0;0;0;0;0;0;0;0;0;0;0;0
TRIO;0;0;0;0;0;0;0;0;0;0;0;0
ATP5L;0;0;0;0;0;0;0;0;0;0;0;0
MPDZ;1;1;1;0;1;0;0;1;1;1;1;1
GLRX3;0;1;0;1;1;0;0;1;1;0;1;1
CLPX;0;0;0;0;0;0;0;0;0;0;0;0
NEBL;0;0;0;0;0;0;0;0;0;0;0;0
SRP72;0;0;0;0;0;0;0;0;0;0;0;0
URI1;0;0;0;0;0;0;0;0;0;0;0;0
STK10;0;0;0;0;0;0;0;0;0;0;0;0
KBTBD11;0;0;0;0;0;0;0;0;0;0;0;0
LTN1;0;0;0;0;0;0;0;0;0;0;0;0
MYO1D;1;0;0;0;0;0;1;0;0;1;0;0
UFL1;0;0;0;0;0;0;0;0;0;0;0;0
ERLIN2;0;0;0;0;0;0;0;0;0;0;0;0
PRPF6;0;0;0;0;0;0;0;0;0;0;0;0
LPHN1;0;0;0;0;0;0;0;0;0;0;0;0
HAUS5;0;0;0;0;0;0;0;0;0;0;0;0
SOGA1;0;0;0;0;0;0;0;0;0;0;0;0
USP19;0;0;0;0;0;0;0;0;0;0;0;0
AP2A2;0;0;0;0;0;0;0;0;0;0;0;0
MFN2;0;0;0;0;0;0;0;0;0;0;0;0
IKBKAP;0;0;0;0;0;0;0;0;0;0;0;0
NDUFB4;0;0;0;0;0;0;0;0;0;0;0;0
KIF20A;0;0;0;0;0;0;0;0;0;0;0;0
KIF4A;0;0;0;0;0;0;0;0;0;0;0;0
VAPB;0;0;0;0;0;0;0;0;0;0;0;0
MPZL1;1;1;1;0;1;0;0;1;1;1;1;0
PGLS;0;0;0;0;0;0;0;0;0;0;0;0
SMC2;0;0;0;0;0;0;0;0;0;0;0;1
IPO7;0;0;0;0;0;0;0;0;0;0;0;0
PGM3;0;0;0;0;0;0;0;0;0;0;0;0
BAG4;0;0;0;0;0;0;0;0;0;0;0;0
PSMG1;0;0;0;0;0;0;0;0;0;0;0;0
SGPL1;0;0;0;0;0;0;0;0;0;0;0;0
SEC24A;0;0;0;0;0;0;0;0;0;0;0;0
SEC24B;0;0;0;0;0;0;0;0;0;0;0;0
ACSL3;0;1;0;1;1;0;1;0;0;0;1;0
PCNT;1;1;1;1;1;1;1;1;1;1;1;1
HERC2;0;1;0;0;1;0;0;0;0;0;1;0
SNAP29;1;1;1;1;1;1;1;1;1;1;1;1
AP2A1;0;0;0;0;0;0;0;0;0;0;0;0
BAG2;0;1;0;1;1;1;1;1;1;1;1;1
BAG3;0;0;0;0;0;0;0;0;0;0;0;0
AIFM1;0;0;0;0;0;0;0;0;0;0;0;0
LATS1;0;0;0;0;0;0;0;0;0;0;0;0
FADS2;0;0;0;0;0;0;0;0;0;0;0;0
NDUFB10;0;0;0;0;0;0;0;0;0;0;0;0
PAK4;1;1;1;1;1;1;1;1;1;1;1;1
LDHA;0;0;0;0;0;0;0;0;0;0;0;0
GLUD1;0;0;0;0;0;0;0;0;0;0;0;0
DHFR;0;0;0;0;0;0;0;0;0;0;0;0
GSR;1;1;1;1;1;1;1;1;1;1;1;1
MT-CO2;0;0;0;0;0;0;0;0;0;0;0;0
SOD1;0;0;0;0;0;0;0;0;0;0;1;0
CP;0;0;0;0;0;0;0;0;0;0;0;0
HPRT1;0;1;0;0;1;0;0;1;0;0;1;0
EGFR;0;0;0;0;0;0;0;0;0;0;0;0
ASS1;0;0;0;0;1;0;0;1;0;0;1;0
NRAS;0;0;0;0;0;0;0;0;0;0;0;0
KRAS;0;0;0;0;0;0;0;0;0;0;0;0
IGHA1;0;0;0;0;0;0;0;0;0;0;0;0
HLA-B;1;0;0;0;1;0;0;0;1;1;1;0
LMNA;0;0;0;0;0;0;0;0;0;0;0;0
TFRC;0;0;0;0;0;0;0;0;0;0;0;0
ALDOA;0;0;0;0;0;0;0;0;0;0;0;0
CSTB;1;1;1;1;1;1;1;1;1;1;1;1
ANXA1;0;0;0;0;0;0;0;0;0;0;0;0
OAT;0;0;0;0;0;0;0;0;0;0;0;0
TK1;1;1;0;0;1;0;1;1;1;1;1;0
SEMG1;0;0;0;0;0;0;0;0;0;0;0;0
GAPDH;0;0;0;0;0;0;0;0;0;0;0;0
HLA-A;1;1;1;1;1;1;1;1;1;1;1;1
ERBB2;1;1;1;0;1;0;0;1;0;0;1;0
TP53;0;0;0;0;0;0;0;0;0;0;0;0
RPN1;0;0;0;0;0;0;0;0;0;0;0;0
RPN2;0;0;0;0;0;1;0;0;1;0;0;1
GNAI2;0;0;0;0;0;0;0;0;0;0;0;0
SLC4A2;0;0;0;0;0;0;0;0;0;0;0;0
ATP1A1;1;1;1;0;1;1;0;1;1;1;1;1
ATP1B1;0;0;0;0;1;0;0;1;0;0;1;0
ARG1;0;0;0;0;0;0;0;0;0;0;0;0
S100A8;0;0;0;0;0;0;0;0;0;0;0;0
SLC25A5;0;0;0;0;0;0;0;0;0;0;0;0
PCCA;0;0;0;0;0;0;0;0;0;0;0;0
EIF2S1;0;0;0;0;0;0;0;0;0;0;0;0
RPLP1;0;0;0;0;0;0;0;0;0;0;0;0
RPLP2;0;0;0;0;0;0;0;0;0;0;0;0
RPLP0;0;0;0;0;0;0;0;0;0;0;0;0
ITGB1;1;1;1;1;1;1;1;1;1;1;1;1
KRT18;0;0;0;0;0;0;0;0;0;0;0;0
INSR;1;1;1;0;1;0;0;1;1;1;1;0
FYN;0;1;0;0;0;0;0;0;0;0;0;0
CDK1;0;0;0;0;0;0;0;0;0;0;0;0
ATP5B;0;0;0;0;0;0;0;0;0;0;0;0
S100A9;0;0;0;0;0;0;0;0;0;0;0;0
ENO1;0;0;0;0;0;0;0;0;0;0;0;0
GPI;0;0;0;0;0;0;0;0;0;0;0;0
NPM1;0;0;0;0;0;0;0;0;0;0;0;0
TPM3;1;0;0;1;0;0;1;1;0;1;1;0
ITGAV;0;0;0;0;0;0;0;0;0;0;0;0
LDHB;0;0;0;0;0;0;0;0;0;0;0;0
P4HB;0;0;0;0;0;0;0;0;0;0;0;0
ANXA2;0;0;0;0;0;0;0;0;0;0;0;0
CAPN1;0;0;0;0;0;0;0;0;0;0;0;0
TUBB;0;0;0;0;0;0;0;0;0;0;0;0
PFN1;0;0;1;0;0;0;0;0;0;0;0;0
APRT;0;0;0;0;0;0;0;0;0;0;0;0
EPRS;0;0;0;0;0;0;0;0;0;0;0;0
HSP90AA1;0;0;0;0;0;0;0;0;0;0;0;0
LYN;0;0;0;0;0;0;0;0;0;0;0;0
ANXA6;1;1;1;0;1;0;0;1;0;0;1;0
RHOC;0;0;0;0;1;0;0;1;0;0;0;0
PFKM;0;0;0;0;0;0;0;0;0;0;0;0
HSP90AB1;0;0;0;0;0;0;0;0;0;0;0;0
SRPR;0;0;0;0;0;0;0;1;0;0;1;0
ASNS;0;0;0;0;0;0;0;0;0;0;0;0
MET;0;0;0;0;0;0;0;0;0;0;0;0
SNRNP70;0;0;0;0;0;0;0;0;0;0;0;0
ITGA5;0;0;0;0;0;0;0;0;0;0;1;0
VIM;0;0;0;0;0;0;0;0;0;0;0;0
RPS17;0;0;0;0;0;0;0;0;0;0;0;0
GNAI3;1;1;1;1;1;1;1;1;1;1;1;1
ANXA5;0;0;0;0;0;0;0;0;0;0;0;0
GNAO1;0;0;0;0;0;0;0;0;0;0;0;0
CLTA;0;0;0;0;0;0;0;0;0;0;0;0
CNP;0;0;0;0;0;0;0;0;0;0;0;0
COX6C;0;0;0;0;0;0;0;0;0;0;0;0
PARP1;0;0;0;0;0;0;0;0;0;0;0;0
UCHL1;0;0;0;0;0;0;0;0;0;0;0;0
ALDOC;1;1;1;1;1;0;1;1;0;1;1;0
H2AFV;0;0;0;0;0;0;0;0;0;0;0;0
HIST1H2AH;0;0;0;0;0;0;0;0;0;0;0;0
U2AF1;0;0;0;0;0;0;0;0;0;0;0;0
CBS;1;1;1;1;1;1;1;1;1;1;1;1
TROVE2;0;0;0;0;0;0;0;0;0;0;0;0
ARAF;0;0;0;0;0;0;0;0;0;0;0;0
HIST1H1E;0;0;0;0;0;0;0;0;0;0;0;0
PTPRF;0;1;0;0;0;0;0;0;0;0;0;0
TXN;0;0;0;0;0;0;0;0;0;0;0;0
COX5B;0;0;0;0;0;0;0;0;0;0;0;0
HSPD1;0;0;0;0;0;0;0;0;0;0;0;0
HSPA5;0;0;0;0;0;0;0;0;0;0;0;0
HSPA8;0;0;0;0;0;0;0;0;0;0;0;0
EPB41;1;1;1;1;1;1;0;1;0;1;1;0
UMPS;0;0;0;0;0;0;0;0;0;0;0;0
DBT;0;0;0;0;0;0;0;0;0;0;0;0
PYGB;0;0;0;0;0;0;0;0;0;0;0;0
RALA;1;1;1;0;1;0;0;1;0;0;1;0
RALB;0;0;0;0;0;0;0;0;0;0;0;0
BCR;0;0;0;0;0;0;0;0;0;0;1;0
TOP2A;0;0;0;0;0;0;0;0;0;0;0;0
G6PD;0;0;0;0;0;0;0;0;0;0;0;0
PC;0;0;0;0;0;0;0;0;0;0;0;0
CDK4;0;0;0;0;0;0;0;0;0;0;0;0
PCNA;0;0;0;0;0;0;0;0;0;0;0;0
HARS;0;0;0;0;0;0;0;0;0;0;0;0
SLC25A4;0;0;0;0;0;0;0;0;0;0;0;0
SLC25A6;0;0;0;0;0;0;0;0;0;0;0;0
IMPDH2;0;1;0;0;1;0;0;1;0;0;1;0
CKB;0;0;0;0;0;0;0;0;0;0;0;0
ACTN1;1;1;1;1;1;1;1;1;1;1;1;1
SRC;0;0;0;0;0;0;0;0;0;0;0;0
PEPD;0;0;0;0;0;0;0;0;0;0;0;0
XRCC6;0;0;0;0;0;0;0;0;0;0;0;0
XRCC5;0;0;0;0;0;0;0;0;0;0;0;0
COX4I1;0;0;0;0;0;0;0;0;0;0;0;0
RNH1;0;0;0;0;0;0;0;0;0;0;0;0
ITGA4;0;0;0;0;0;0;0;0;0;0;0;0
EEF2;0;0;0;0;0;0;0;0;0;0;0;0
LCP1;0;0;0;0;0;0;0;0;0;0;0;0
PLS3;1;1;1;1;1;1;1;1;1;1;1;1
MIF;1;0;1;1;0;1;1;0;1;1;0;1
TRIM27;0;0;0;0;0;0;0;0;0;0;0;0
PKM;0;0;0;0;0;0;0;0;0;0;0;0
HSP90B1;0;0;0;0;0;0;0;0;0;0;0;0
CCNB1;0;0;0;0;0;0;0;0;0;0;0;0
IDE;0;0;0;0;0;0;0;0;0;0;0;0
HNRNPL;0;0;0;0;0;0;0;0;0;0;0;0
DARS;0;0;0;0;0;0;0;0;1;0;0;1
JUP;0;0;0;0;0;0;0;0;0;0;0;0
GSPT1;1;1;1;1;1;1;1;1;1;1;1;1
RPS2;0;0;0;0;0;0;0;0;0;0;0;0
DSP;0;0;0;0;0;0;0;0;0;0;0;0
CBR1;0;0;0;0;0;0;0;0;0;0;0;0
HIST1H1C;0;0;0;0;0;0;0;0;0;0;0;0
ATP2A2;0;0;0;0;0;0;0;0;0;0;0;0
PRKCA;0;0;0;0;0;0;0;0;0;0;0;0
ITGA2;1;1;1;1;1;0;1;1;1;1;1;0
CAPN2;0;1;0;0;1;0;0;1;0;0;1;0
CTPS1;0;0;0;0;0;0;0;0;0;0;0;0
PFKL;0;0;0;0;0;0;0;0;0;0;0;0
LGALS3;1;1;1;0;1;0;0;1;0;1;1;0
TCP1;0;0;0;0;0;0;0;0;0;0;0;0
PTPN1;1;1;0;1;1;0;0;1;0;1;1;1
ARF4;0;0;0;0;0;0;0;0;0;0;0;0
RPL7;0;0;0;0;0;0;0;0;0;0;0;0
VCL;0;1;1;1;1;0;1;1;1;1;1;0
PTPRA;0;0;0;0;0;0;0;0;0;0;0;0
PGAM1;0;0;0;0;0;0;0;0;0;0;0;0
CDH2;1;1;1;1;1;1;1;1;1;1;1;1
PLCG1;0;1;0;0;1;0;0;0;0;0;1;0
NCL;0;0;0;0;0;0;0;0;0;0;0;0
HK1;0;0;0;0;0;0;0;0;0;0;0;0
POLR2C;0;0;0;0;0;0;0;0;0;0;0;0
EIF2AK2;0;0;0;0;0;0;0;0;0;0;0;0
CSNK2A2;0;0;0;0;0;0;0;0;0;0;0;0
ATP2B1;1;1;1;1;1;1;1;1;1;1;1;1
ANXA7;1;1;1;1;1;1;1;1;1;1;1;1
RAB5A;0;0;0;0;0;0;0;0;0;0;0;0
RAB6A;0;0;0;0;0;0;0;0;0;0;0;0
LMNB1;0;0;0;0;0;0;0;0;0;0;0;0
IMPDH1;0;0;0;0;0;0;0;0;0;0;0;0
NEB;0;0;0;0;0;0;0;0;0;0;0;0
ATP6V1B2;0;0;0;0;0;0;0;0;0;0;0;0
CSRP1;0;0;0;0;0;0;0;0;0;0;0;0
NF1;0;0;0;0;0;0;0;0;0;0;0;0
VDAC1;0;0;0;0;0;0;0;0;0;0;0;0
OSBP;0;0;0;0;0;0;0;0;0;0;0;0
FBL;0;0;0;0;0;0;0;0;0;0;0;0
GART;1;1;1;1;1;1;1;1;1;1;1;1
PAICS;0;0;0;0;0;0;0;0;0;0;0;0
UBA1;0;0;0;0;0;0;0;0;0;0;0;0
NME1-NME2;0;0;0;0;0;0;0;0;0;0;0;0
HNRNPA2B1;0;0;0;0;0;0;0;0;0;0;0;0
CBL;0;0;0;0;0;0;0;0;0;0;0;0
UQCRC2;0;0;0;0;0;0;0;0;0;0;0;0
ITGA6;1;1;1;0;1;0;0;1;0;1;1;0
SFPQ;0;0;0;0;0;0;0;0;0;0;0;0
TUBG1;0;0;0;0;0;0;0;0;0;0;0;0
PPIB;0;0;0;0;0;0;0;0;0;0;0;0
WARS;0;0;0;0;0;0;0;0;0;0;0;0
RPS3;0;0;0;0;0;0;0;0;0;0;0;0
JAK1;1;1;0;0;1;0;0;1;0;0;1;0
PTPRG;0;0;0;0;0;0;0;0;0;0;0;0
AHCY;0;0;0;0;0;0;0;0;0;0;0;0
CFL1;1;1;0;1;1;0;1;1;0;1;1;0
ATP2B4;1;1;1;1;1;1;1;1;1;1;1;1
RRM1;0;0;0;0;0;0;0;0;0;0;0;0
EEF1B2;0;0;0;0;0;0;0;0;0;0;0;0
ATP5F1;0;0;0;0;0;0;0;0;0;0;0;0
ACP1;0;0;0;0;0;0;0;0;0;0;0;0
PRKCH;0;0;0;0;0;0;0;0;0;0;0;0
ACAT1;0;0;0;0;0;0;0;0;0;0;0;0
POLR2A;0;0;0;0;0;0;0;0;0;0;0;0
APC;0;0;0;0;0;0;0;0;0;0;0;0
MCM3;0;0;0;0;0;0;0;0;0;0;0;0
RPS12;0;0;0;0;0;0;0;0;0;0;0;0
DNAJB1;0;0;0;0;0;0;0;0;0;0;0;0
ATP5A1;0;0;0;0;0;0;0;0;0;0;0;0
PSMA1;0;0;0;0;0;0;0;0;0;0;0;0
PSMA3;0;0;0;0;0;0;0;0;0;0;0;0
PSMA4;0;0;0;0;0;0;0;0;0;0;0;0
ITGA3;0;0;0;0;0;0;0;0;0;0;0;0
MSN;0;0;1;1;0;0;1;0;0;0;0;0
DNMT1;0;0;0;0;0;0;0;0;0;0;0;0
U2AF2;0;0;0;0;0;0;0;0;0;0;0;0
RPL13;0;0;0;0;0;0;0;0;0;0;0;0
PTBP1;0;0;0;0;0;0;0;0;0;0;0;0
TARS;0;0;0;0;0;0;0;0;0;0;0;0
VARS;0;0;0;0;0;0;0;0;0;0;0;0
EEF1G;0;0;0;0;0;0;0;0;0;0;0;0
YWHAQ;1;0;0;1;0;0;1;0;0;1;0;0
CANX;0;0;0;0;0;0;0;0;0;0;0;0
PIK3R1;0;0;0;0;0;0;0;0;0;0;0;0
PSMB5;0;0;0;0;0;0;0;0;0;0;0;0
ABCD3;0;0;0;0;0;0;0;0;0;0;0;0
TPP2;0;0;0;0;0;0;0;0;0;0;0;0
EPHA2;0;1;1;0;1;1;0;1;1;0;1;1
TKT;0;0;0;0;0;0;0;0;0;0;0;0
MARCKS;0;0;0;0;0;0;0;0;0;0;1;0
GNA11;1;1;0;0;0;0;0;0;0;0;0;0
PRDX6;1;1;1;0;1;1;1;1;1;1;1;1
PRDX3;0;0;0;0;0;0;0;0;0;0;0;0
RPL12;0;0;0;0;0;0;0;0;0;0;0;0
PEBP1;0;0;0;0;0;0;0;0;0;0;0;0
PPP2R1A;0;1;1;0;1;1;1;1;1;0;1;1
CDC25C;0;0;0;0;0;0;0;0;0;0;0;0
NMT1;0;0;0;0;0;0;0;0;0;0;0;0
ADSS;1;1;1;0;0;0;0;1;1;1;1;1
ALDH1B1;0;0;0;0;0;0;0;0;0;0;0;0
LCN1;0;0;0;0;0;0;0;0;0;0;0;0
MAT2A;0;0;0;0;0;0;0;0;0;0;0;0
PRKAR2B;0;0;0;0;0;0;0;0;0;0;0;0
RRM2;0;0;0;0;0;0;0;0;0;0;0;0
DNAJA1;0;0;0;0;0;0;0;0;0;0;0;0
AKT2;0;0;0;0;1;0;0;0;0;0;0;0
ATIC;0;0;0;0;0;0;0;0;0;0;0;0
YWHAB;0;0;0;0;0;0;0;0;0;0;0;0
SFN;0;1;1;0;1;0;0;1;1;0;1;0
STIP1;1;0;0;1;1;0;1;0;0;1;0;0
S100A11;0;0;0;0;0;0;0;0;0;0;0;0
PRDX2;1;0;0;0;0;0;0;0;0;1;0;0
ARRB2;0;0;0;0;0;0;0;0;0;0;0;0
GK;0;0;0;0;0;0;0;0;0;0;0;0
RPL9;0;0;0;0;0;0;0;0;0;0;0;0
KIF5B;1;1;1;1;1;1;1;1;1;1;1;1
TTK;0;0;0;0;0;0;0;0;0;0;1;0
MCM4;0;0;0;0;0;0;0;0;0;0;0;0
MCM5;0;0;0;0;0;0;0;0;0;0;0;0
MCM7;0;0;0;0;0;0;0;0;0;0;0;0
SHMT2;0;0;0;0;0;0;0;0;0;0;0;0
HSPA4;0;0;0;0;0;0;0;0;0;0;0;0
CTNNA1;1;1;1;1;1;1;1;1;1;1;1;1
CTNNB1;1;1;1;1;1;1;1;1;1;1;1;1
PHB;0;0;0;0;0;0;0;0;0;0;0;0
NF2;0;0;0;0;0;0;0;0;0;0;0;0
RDX;0;0;0;0;0;0;0;0;0;0;0;0
RFC2;0;0;0;0;0;0;0;0;0;0;0;0
RFC1;0;0;0;0;0;0;0;0;0;0;0;0
RPL22;0;0;0;0;0;0;0;0;0;0;0;0
MYH9;0;0;0;0;0;0;1;0;0;0;0;0
MYH10;0;0;0;0;0;0;1;0;0;1;0;0
ADD1;1;1;0;0;1;0;0;1;0;0;1;0
FUS;0;0;0;0;0;0;0;0;0;0;0;0
NUP214;0;0;0;0;0;0;0;0;0;0;0;0
DEK;0;0;0;0;0;0;0;0;0;0;0;0
PSMC2;0;0;0;0;0;0;0;0;0;0;0;0
MAP2K2;0;0;0;0;0;0;0;0;0;0;0;0
ATP5C1;0;0;0;0;0;0;0;0;0;0;0;0
RPL4;0;0;0;0;0;0;0;0;0;0;0;0
TAGLN2;0;1;1;0;1;1;0;1;1;0;1;0
ETFB;0;0;0;0;0;0;0;0;0;0;0;0
RBMX;0;0;0;0;0;0;0;0;0;0;0;0
COIL;0;0;0;0;0;0;0;0;0;0;0;0
ATP6V1A;0;0;0;0;0;0;0;0;0;0;0;0
HSPA9;0;0;0;0;0;0;0;0;0;0;0;0
EIF4A3;0;0;0;0;0;0;0;0;0;0;0;0
RPS19;0;0;0;0;0;0;0;0;0;0;0;0
RPL3;0;0;0;0;0;0;0;0;0;0;0;0
FEN1;0;0;0;0;0;0;0;0;0;0;0;0
IL6ST;0;0;0;0;0;0;0;0;0;0;0;0
TXLNA;1;1;1;1;1;1;1;1;1;1;1;1
CCT6A;0;0;0;0;0;0;0;0;0;0;0;0
RPL13A;0;0;0;0;0;0;0;0;0;0;0;0
ARL1;0;0;0;0;0;0;0;0;0;0;0;0
STAT3;0;0;0;0;0;0;0;0;0;0;1;0
USP8;0;0;0;0;0;0;0;0;0;0;0;0
MDH1;0;0;0;0;0;0;0;0;0;0;0;0
MDH2;0;0;0;0;0;0;0;0;0;0;0;0
RFC5;0;0;0;0;0;0;0;0;0;0;0;0
RFC3;0;0;0;0;0;0;0;0;0;0;0;0
HADHA;0;0;0;0;0;0;0;0;0;0;0;0
EIF2S3;0;0;0;0;0;0;0;0;0;0;0;0
CSK;0;0;0;0;1;0;0;0;0;0;0;0
GARS;0;0;0;0;0;0;0;0;0;0;0;0
IARS;0;0;0;0;0;1;0;1;1;0;1;1
SLC19A1;0;0;0;0;0;0;0;0;0;0;0;0
PRKCI;1;1;1;0;1;1;1;1;1;0;1;0
TMPO;0;0;0;0;0;0;0;0;0;0;0;0
STAT1;0;0;0;0;0;0;0;0;0;0;0;0
SKIV2L2;0;0;0;0;0;0;0;0;0;0;0;0
PIK3CA;0;0;0;0;0;0;0;0;0;0;0;0
MTOR;0;0;0;0;0;0;0;0;0;0;0;0
PI4KA;1;1;1;1;1;1;1;1;1;1;1;1
EPS15;0;0;0;0;0;0;0;1;1;0;0;0
CASP3;0;0;0;0;0;0;0;0;0;0;0;0
RPS27;0;0;0;0;0;0;0;0;0;0;0;0
ABL2;0;0;0;0;0;0;0;0;0;0;0;0
LRPPRC;0;0;0;0;0;0;0;0;0;0;0;0
RPL35;0;0;0;0;0;0;0;0;0;0;0;0
SLC1A4;0;0;0;0;0;0;0;0;0;0;0;0
PAFAH1B1;0;0;0;0;0;0;0;0;0;0;0;0
MCAM;0;0;0;0;0;0;0;0;0;0;0;0
MSH2;0;0;0;0;0;0;0;0;0;0;0;0
GPD2;0;0;0;0;0;0;0;0;0;0;0;0
RANBP1;0;0;0;0;0;0;0;0;0;0;0;0
NAMPT;0;0;0;0;0;0;0;0;0;0;0;0
PSMC4;0;0;0;0;0;0;0;0;0;0;0;0
VDAC2;0;0;0;0;0;0;0;0;0;0;0;0
USP5;0;0;0;0;0;0;0;0;0;0;0;0
MKI67;1;1;1;1;1;1;1;1;1;1;1;1
RANGAP1;0;1;0;0;1;0;0;1;0;0;1;0
RECQL;0;0;0;0;0;0;0;0;0;0;0;0
CRKL;1;1;1;1;1;0;1;1;0;1;1;0
NOTCH1;0;0;0;0;0;0;0;0;0;0;0;0
MAP2K3;0;0;0;0;0;0;0;0;0;0;0;0
RPL27A;0;0;0;0;0;0;0;0;0;0;0;0
RPL5;0;0;0;0;0;0;0;0;0;0;0;0
RPL21;0;0;1;0;0;0;0;0;1;0;0;1
RPL28;0;0;0;0;0;0;0;0;0;0;0;0
RPS10;0;0;0;0;0;0;0;0;0;0;0;0
MAP1B;1;1;1;1;1;1;1;1;1;1;1;1
UTRN;1;1;1;1;1;1;1;1;1;1;1;1
IQGAP1;1;1;1;1;1;1;1;1;1;1;1;1
STT3A;0;0;0;0;0;0;0;0;0;0;0;0
CAPZA2;0;1;0;0;0;0;0;0;0;0;1;0
CAPZB;1;1;1;0;0;0;0;0;0;0;1;0
QARS;0;0;0;0;0;1;0;0;1;0;0;1
RPL29;0;0;0;0;0;0;0;0;0;0;0;0
ZFP36L2;0;0;0;0;0;0;0;0;0;0;0;0
ATP5O;0;0;0;0;0;0;0;0;0;0;0;0
PREP;0;0;0;0;0;0;0;0;0;0;0;0
PIP4K2A;0;0;0;0;0;0;0;0;0;0;0;0
GCLM;0;0;0;0;0;0;0;0;0;0;0;0
PRRC2A;1;1;1;1;1;1;1;1;1;1;1;1
PTDSS1;0;0;0;0;0;0;0;0;0;0;0;0
CSNK1A1;0;0;0;0;0;0;0;0;0;0;0;0
MARCKSL1;0;0;0;0;0;0;0;0;0;0;0;0
RPL34;0;0;0;0;0;0;0;0;0;0;0;0
RPIA;0;0;0;0;0;0;0;0;0;0;1;0
NASP;0;0;0;0;0;0;0;0;0;0;0;0
FASN;0;0;0;0;0;0;0;0;1;0;1;1
CCT3;0;0;0;0;0;0;0;0;0;0;0;0
TUFM;0;0;0;0;0;0;0;0;0;0;0;0
SRP9;0;0;0;0;0;0;0;0;0;0;0;0
AARS;0;0;0;0;1;1;0;1;1;0;1;0
SARS;0;0;0;0;0;0;0;0;0;0;0;0
RBM25;0;0;0;0;0;0;0;0;0;0;0;0
NUMB;0;1;0;0;1;0;0;0;0;0;1;0
EIF2B2;0;0;0;0;0;0;0;0;0;0;0;0
HINT1;0;0;0;0;0;0;0;0;0;0;0;0
NUP153;0;0;0;0;1;0;0;1;0;0;1;0
RANBP2;1;1;1;1;1;1;1;1;1;1;1;1
GMPS;0;0;0;0;0;0;0;0;0;0;0;0
LIG3;0;0;0;0;0;0;0;0;0;0;0;0
GNAQ;0;0;0;0;0;0;0;0;0;0;0;0
SULT1A1;0;0;0;0;0;0;0;0;0;0;0;0
GDI2;1;1;1;1;1;1;1;1;1;1;1;1
EMD;0;0;0;0;0;0;0;0;0;0;0;0
SLC26A2;0;0;0;0;0;0;0;0;0;0;0;0
SERPINH1;0;0;0;0;0;0;0;0;0;0;0;0
ST13;0;0;0;0;0;0;0;0;0;0;0;0
DNM2;0;0;0;0;0;0;0;0;0;0;0;0
LRBA;0;0;0;0;0;0;0;0;0;0;0;0
RPL14;0;0;0;0;0;0;0;0;0;0;0;0
CCT8;0;0;0;0;0;0;0;0;0;0;0;0
CCT4;0;0;0;0;0;0;0;0;0;0;0;0
ANXA11;1;1;1;1;1;1;1;1;1;1;1;1
FXR1;1;1;1;1;1;1;1;1;1;1;1;1
FXR2;0;1;1;1;1;0;1;1;0;0;1;0
RAB5C;0;0;0;0;0;0;0;0;0;0;0;0
RAB7A;0;0;1;1;1;0;0;0;0;0;1;0
RAB9A;0;0;0;0;0;0;0;0;0;0;0;0
RAB13;0;1;0;0;0;0;0;0;0;0;0;0
GALK1;0;0;0;0;0;0;0;0;0;0;0;0
SSR4;0;0;0;0;0;0;0;0;0;0;0;0
BCAP31;0;0;0;0;0;0;0;0;0;0;0;0
HSD17B4;0;0;0;0;0;0;0;0;0;0;0;0
STAT5B;0;0;0;0;0;0;0;0;0;0;0;0
RPS6KA3;0;0;0;0;0;0;0;0;0;0;0;0
HNRNPA3;0;0;0;0;0;0;0;0;0;0;0;0
PGD;0;0;0;0;0;0;0;0;0;0;0;0
HNRNPM;0;0;0;0;0;0;0;0;0;0;0;0
KPNA2;0;0;0;0;0;0;0;0;0;0;0;0
HNRNPF;0;0;0;0;0;0;0;0;0;0;0;0
MSH6;0;0;0;0;0;0;0;0;0;0;0;0
KIF11;1;1;1;1;1;1;1;1;1;1;1;1
EFNB2;1;1;1;1;1;1;1;1;1;1;1;0
THOP1;0;0;0;0;0;0;0;0;0;0;0;0
CAPZA1;1;1;1;1;1;1;1;1;1;1;1;1
BLVRA;0;0;0;0;0;0;0;0;0;0;0;0
SLC25A1;0;0;0;0;0;0;0;0;0;0;0;0
PLK1;0;0;0;0;0;0;0;0;0;0;0;0
NUBP1;0;0;0;0;0;0;0;0;0;0;0;0
ACLY;0;0;0;0;0;1;0;0;1;0;0;1
COPB1;0;0;0;0;0;1;0;0;0;0;0;1
COPA;0;0;0;0;0;0;0;0;0;0;0;0
SLC16A1;0;0;0;0;0;0;0;0;0;0;0;0
SEC24C;1;1;1;1;1;0;1;1;0;1;1;0
CLNS1A;0;0;0;0;0;0;0;0;0;0;0;0
RARS;0;1;0;0;1;0;0;1;0;0;1;0
USP14;0;0;0;0;0;0;0;0;0;0;0;0
PRKAG1;0;0;0;0;0;0;0;0;0;0;0;0
ATP1B3;1;0;0;0;0;0;0;0;0;0;0;0
EPHB4;1;1;1;1;1;1;0;0;0;1;1;0
ALDH18A1;0;0;0;0;0;0;0;0;0;0;0;0
EIF5;0;0;0;0;0;0;0;0;0;0;0;0
SLC12A2;1;1;1;1;1;1;1;1;1;1;1;1
PSMD4;0;0;0;0;0;0;0;0;0;0;0;0
CSE1L;0;0;0;0;0;0;0;0;0;0;0;0
VCP;1;1;1;1;1;1;1;1;1;0;1;0
MFAP3;0;0;0;0;0;0;0;0;0;0;0;0
HADHB;0;0;0;0;0;0;0;0;0;0;0;0
CASP7;0;1;0;0;0;0;0;0;0;0;0;0
EIF3B;0;0;0;0;0;0;0;0;0;0;0;0
RRP1;0;0;0;0;0;0;0;0;0;0;0;0
MARS;0;0;0;0;0;0;0;0;1;0;0;1
ITGA1;0;0;0;0;0;0;0;0;0;0;0;0
EIF6;0;0;0;0;0;0;0;0;0;0;0;0
HSD17B7;0;0;0;0;0;0;0;0;0;0;0;0
BCAR1;0;0;0;0;0;0;0;0;0;0;0;0
TMEM33;0;0;0;0;0;1;0;0;0;0;0;1
EPPK1;1;1;1;1;1;1;1;1;1;1;1;1
ZNF121;0;0;0;0;0;0;0;0;0;0;0;0
TPI1;0;0;0;0;0;0;0;0;0;0;0;0
EIF3E;0;0;0;0;0;0;0;0;0;0;0;0
SEC61B;0;0;0;0;0;0;0;0;0;0;0;0
ACTB;0;0;0;0;0;0;0;0;0;1;0;0
EIF4A1;0;0;0;0;0;0;0;0;0;0;0;0
RPS20;0;0;0;0;0;0;0;0;0;0;0;0
PRPS1;0;0;0;0;0;0;0;0;0;0;0;0
CDC42;1;1;1;1;1;1;1;1;1;1;1;0
DSTN;0;0;0;0;0;0;0;0;0;0;0;0
RAB8A;0;0;0;0;0;0;0;0;0;0;0;0
RAB2A;0;0;0;0;0;0;0;0;0;0;0;0
RAB5B;0;0;0;0;0;0;0;0;0;0;0;0
RAB10;0;0;0;0;0;0;0;0;0;0;0;0
UBE2M;0;0;0;0;0;0;0;0;0;0;0;0
RAB14;0;1;0;0;1;0;0;1;0;0;1;0
ACTR3;0;0;0;0;0;0;0;0;0;0;0;0
ACTR1A;0;0;0;0;0;0;0;0;0;0;0;0
ABCE1;0;0;0;0;0;0;0;1;0;0;0;0
RPS3A;0;0;0;0;0;0;0;0;0;0;0;0
PSME3;0;0;0;0;0;0;0;0;0;0;0;0
RPL15;0;0;0;0;0;0;0;0;0;0;0;0
RPL27;0;0;0;0;0;0;0;0;0;0;0;0
RPL37A;0;0;0;0;0;0;0;0;0;0;0;0
RHOA;1;1;1;1;1;1;1;1;1;1;1;0
HSPE1;0;0;0;0;0;0;0;0;0;0;0;0
LYZ;0;0;0;0;0;0;0;0;0;0;0;0
RPL37;0;0;0;0;0;0;0;0;0;0;0;0
DCAF7;0;0;0;0;0;0;0;0;0;0;0;0
HNRNPK;0;0;0;0;0;0;0;0;0;0;0;0
YWHAG;0;0;0;0;0;0;0;0;0;0;0;0
RRAS2;0;0;0;0;0;0;0;0;0;0;0;0
RPS7;0;0;0;0;0;0;0;0;0;0;0;0
PPP1CA;1;1;1;1;1;1;1;1;1;1;1;1
PPP1CB;0;0;0;0;0;0;0;0;0;0;0;0
PSMC1;0;0;0;0;0;0;0;0;0;0;0;0
PSMC5;0;0;0;0;0;0;0;0;0;0;0;0
RPS8;0;0;0;0;0;0;0;0;0;0;0;0
RPS15A;0;0;0;0;0;0;0;0;0;0;0;0
RPS16;0;0;0;0;0;0;0;0;0;0;0;0
YWHAE;0;0;0;0;0;0;0;0;0;0;0;0
RPS14;0;0;0;0;0;0;0;0;0;0;0;0
RPS23;0;0;0;0;0;0;0;0;0;0;0;0
RPS18;0;0;0;0;0;0;0;0;0;0;0;0
RPS29;0;0;0;0;0;0;0;0;0;0;0;0
RPS13;0;0;0;0;0;0;0;0;0;0;0;0
RPS11;0;0;0;0;0;0;0;0;0;0;0;0
SNRPE;0;0;0;0;0;0;0;0;0;0;0;0
LSM3;0;0;0;0;0;0;0;0;0;0;0;0
SNRPD1;0;0;0;0;0;0;0;0;0;0;0;0
SNRPD3;0;0;0;0;0;0;0;0;0;0;0;0
RPL7A;0;0;0;0;0;0;0;0;0;0;0;0
ETF1;0;0;0;0;0;0;0;0;0;0;0;0
CNBP;0;0;0;0;0;0;0;0;0;0;0;0
RPS4X;0;0;0;0;0;0;0;0;0;0;0;0
RHOB;0;1;0;0;0;0;0;0;0;0;1;0
RPL23A;0;0;0;0;0;0;0;0;0;0;0;0
RPS6;0;0;0;0;0;0;0;0;0;0;0;0
HIST1H4A;0;0;0;0;0;0;0;0;0;0;0;0
RAB1A;0;0;0;0;0;0;0;0;0;0;0;0
RPL23;0;0;0;0;0;0;0;0;0;0;0;0
RAP1A;0;0;0;0;0;0;0;0;0;0;0;0
RPS25;0;0;0;0;0;0;0;0;0;0;0;0
RPS26;0;0;0;0;0;0;0;0;0;0;0;0
RPS28;0;0;0;0;0;0;0;0;0;0;0;0
FAU;0;0;0;0;0;0;0;0;0;0;0;0
GNB1;0;0;0;0;0;0;0;0;0;0;0;0
POLR2L;0;0;0;0;0;0;0;0;0;0;0;0
GNB2;0;0;0;0;0;0;0;0;0;0;0;0
RPL39;0;0;0;0;0;0;0;0;0;0;0;0
RPL10A;0;0;0;0;0;0;0;0;0;0;0;0
RPL11;0;0;0;0;0;0;0;0;0;0;0;0
RPL8;0;0;0;0;0;0;0;0;0;0;0;0
PPIA;0;0;0;0;0;0;0;0;0;0;0;0
RPS27A;0;0;0;0;0;0;0;0;0;0;0;0
GRB2;0;0;0;0;0;0;0;0;0;0;0;0
RAC1;1;1;1;1;1;1;1;1;1;1;1;0
AP2B1;0;0;0;0;0;0;0;0;0;0;0;0
GNAS;1;1;1;1;0;1;1;1;1;1;1;1
YWHAZ;0;0;0;0;0;0;0;0;0;0;0;0
PPP2R2A;0;1;1;1;1;1;1;1;1;1;1;1
DYNLL1;0;1;1;1;1;1;0;1;0;0;1;0
RPL38;0;0;0;0;0;0;0;0;0;0;0;0
GNB2L1;0;0;0;0;0;0;0;0;0;0;0;0
PPP2CA;1;0;0;0;0;0;0;0;0;0;0;0
YBX1;0;0;0;0;0;0;0;0;0;0;0;0
TPM4;0;0;0;0;0;0;0;0;0;0;0;0
EEF1A1;0;0;0;0;0;0;0;0;0;0;0;0
TUBA1B;0;0;1;1;0;1;0;0;1;0;0;1
TUBB4B;0;0;0;0;0;0;0;0;0;0;0;0
CXADR;1;1;1;1;1;1;1;1;1;1;1;1
NOP14;0;0;0;0;0;0;0;0;0;0;0;0
IGBP1;0;0;0;0;0;0;0;0;0;0;0;0
SIRPA;0;0;0;0;0;0;0;0;0;0;0;0
GTF2I;0;0;0;0;0;0;0;0;0;0;0;0
CCT2;0;0;0;0;0;0;0;0;0;0;0;0
GSTO1;0;0;0;0;0;0;0;0;0;0;0;0
PRKDC;0;0;0;0;0;0;0;0;0;0;0;0
BASP1;1;1;1;0;1;0;0;1;1;1;1;0
DCD;0;0;0;0;0;0;0;0;0;0;0;0
MRPS6;0;0;0;0;0;0;0;0;0;0;0;0
SMAD3;0;0;0;0;0;0;0;0;0;0;0;0
ARF1;0;1;1;0;1;1;0;1;1;0;1;0
ERH;0;0;0;0;0;0;0;0;0;0;0;0
RHOG;0;0;0;0;0;0;0;0;0;0;0;0
ARHGAP8;0;0;0;0;0;0;0;0;0;0;0;0
XIAP;0;0;0;0;0;0;0;0;0;0;0;0
EFNB1;1;1;1;1;1;1;1;1;1;1;1;1
MPP1;0;0;0;0;0;0;0;0;0;0;0;0
TFAM;0;0;0;0;0;0;0;0;0;0;0;0
SLC25A3;0;0;0;0;0;0;0;0;0;0;0;0
CDK5;0;0;0;0;0;0;0;0;0;0;0;0
CDC42EP1;0;0;0;0;0;0;0;0;0;0;0;0
NFKB2;0;0;0;0;0;0;0;0;0;0;0;0
FKBP3;0;0;0;0;0;0;0;0;0;0;0;0
HNRNPU;0;0;0;0;0;0;0;0;0;0;0;0
TIAL1;0;0;0;0;0;0;0;0;0;0;0;0
CAP1;0;0;0;0;1;0;0;0;0;0;0;0
SLC7A5;0;0;0;0;0;0;0;0;0;0;0;0
OTUD4;0;0;0;0;0;0;0;0;0;0;0;0
PFKP;0;0;0;0;0;0;0;0;0;0;0;0
PLCB3;0;0;0;0;0;0;0;0;0;0;0;0
ROR2;1;1;1;0;1;1;0;1;1;1;1;0
KIF23;0;0;0;0;0;0;0;0;0;0;0;0
DSG1;0;0;0;0;0;0;0;0;0;0;0;0
DSC2;0;0;0;0;0;0;0;0;0;0;0;0
MAP2K1;0;0;0;0;0;0;0;0;0;0;0;0
FKBP4;0;0;0;0;0;0;0;0;0;0;0;0
RPL6;0;0;0;0;0;0;0;0;0;0;0;0
TOP2B;0;0;0;0;0;0;0;0;0;0;0;0
AKAP12;0;0;0;0;0;0;0;0;1;1;1;0
SLC25A11;0;0;0;0;0;0;0;0;0;0;0;0
ATP7A;0;0;0;0;0;0;0;0;0;0;0;0
NOTCH2;1;1;1;1;1;1;1;1;1;1;1;0
GLO1;0;0;0;0;0;0;0;0;0;0;0;0
REL;0;0;0;0;0;0;0;0;0;0;0;0
YWHAH;0;0;0;0;0;0;0;0;0;0;0;0
PTPN12;0;0;0;0;0;0;0;0;0;0;0;0
SRSF11;0;0;0;0;0;0;0;0;0;0;0;0
PTPN11;1;1;1;1;1;1;1;1;1;1;1;1
PPAT;0;0;0;0;0;0;0;0;0;0;1;0
GFPT1;1;1;1;1;1;1;1;1;1;1;1;1
PSME1;0;0;0;0;0;0;0;0;0;0;0;0
RING1;0;0;0;0;0;0;0;0;0;0;0;0
FMR1;0;0;0;0;0;0;0;0;0;0;0;0
PRDX1;0;0;0;0;1;0;0;1;0;0;1;0
RPL18;0;0;0;0;0;0;0;0;0;0;0;0
CKAP4;0;0;0;0;0;0;0;0;0;0;0;0
KHDRBS1;0;0;0;0;0;0;0;0;0;0;0;0
DHX9;0;0;0;0;0;0;0;0;0;0;0;0
SLC20A2;0;0;0;0;0;0;0;0;0;0;0;0
LGALS3BP;0;0;0;0;0;0;0;0;0;0;0;0
DSC1;0;0;0;0;0;0;0;0;0;0;0;0
CAMSAP2;0;0;0;0;0;0;0;0;0;0;0;0
NSUN2;0;0;0;0;0;0;0;0;0;0;0;0
AHNAK;0;0;0;0;0;0;0;0;0;0;0;0
KIF1A;0;1;0;0;1;0;0;1;1;1;1;0
ARHGEF5;0;0;0;0;0;0;0;0;0;0;0;0
GTF3C1;0;0;0;0;0;0;0;0;0;0;0;0
TWF1;0;0;0;0;0;0;0;0;0;0;0;0
TFCP2;0;0;0;0;0;0;0;0;0;0;0;0
AKAP13;0;0;0;0;0;0;0;0;0;0;0;0
BPTF;0;0;0;0;0;0;0;0;0;0;0;0
CDC20;0;0;0;0;0;0;0;0;0;0;0;0
STX4;0;0;0;0;0;0;0;0;0;0;0;0
SF3A3;0;0;0;0;0;0;0;0;0;0;0;0
AIMP1;0;0;0;0;0;0;0;0;0;0;0;0
ILF3;0;0;0;0;0;0;0;0;0;0;0;0
LMAN2;0;0;0;0;0;0;0;0;0;0;0;0
PTPN13;1;1;1;1;1;0;0;1;1;1;1;0
EPS8;1;1;1;1;1;1;1;1;1;1;1;1
TRAP1;0;0;0;0;0;0;0;0;0;0;0;0
TRAF2;0;0;0;0;0;0;0;0;0;1;1;0
FOXC1;0;0;0;0;0;0;0;0;0;0;0;0
ANK3;1;1;1;1;1;1;1;1;1;1;1;1
DLG1;1;1;1;1;1;1;1;1;1;1;1;1
MYO1E;0;0;0;0;0;0;0;0;0;0;0;0
TIAM1;0;1;0;0;1;1;0;0;0;0;1;0
ECH1;0;0;0;0;0;0;0;0;0;0;0;0
STRN3;0;0;0;0;0;0;0;0;0;0;0;0
STK4;0;0;0;0;0;0;0;0;0;0;0;0
FLII;0;0;0;0;0;0;0;0;0;0;0;0
COASY;0;0;0;0;0;0;0;0;0;0;0;0
ACACA;0;0;0;0;0;0;0;0;0;0;0;0
IK;0;0;0;0;0;0;0;0;0;0;0;0
PRKAA1;0;1;0;0;1;0;0;1;0;0;1;0
PPFIA1;1;1;1;1;1;1;1;1;1;1;1;1
EIF2B5;0;0;0;0;0;0;0;0;0;0;0;0
TARDBP;0;0;0;0;0;0;0;0;0;0;0;0
HNRNPA0;0;0;0;0;0;0;0;0;0;0;0;0
AIMP2;0;0;0;0;0;1;0;0;1;0;0;1
PRDX4;0;0;0;0;0;0;0;0;0;0;0;0
PAK2;0;0;0;0;0;0;0;0;0;0;0;0
CBX3;0;0;0;0;0;0;0;0;0;0;0;0
PSMD2;0;0;0;0;0;0;0;0;0;0;0;0
TRIM28;0;0;0;0;0;0;0;0;0;0;0;0
G3BP1;0;1;0;1;1;0;0;0;0;0;0;0
PTK7;0;0;0;0;0;0;0;0;0;0;0;0
PABPC4;1;1;1;1;1;1;1;1;1;1;1;1
IFIT5;0;0;0;0;0;0;0;0;0;0;0;0
PTPRS;0;0;0;0;0;0;0;0;0;0;0;0
EIF3I;0;0;0;0;0;0;0;0;0;0;0;0
TARBP1;0;0;0;0;0;0;0;0;0;0;0;0
DYNC1I2;0;0;0;0;0;0;0;0;0;0;0;0
NNT;0;0;0;0;0;0;0;0;0;0;0;0
SNTB2;1;1;1;1;1;1;1;1;1;1;1;1
TCOF1;0;0;0;0;0;0;0;0;0;0;0;0
SLC39A6;0;1;1;0;0;0;0;1;1;0;1;0
SF3B2;0;0;0;0;0;0;0;0;0;0;0;0
PDAP1;0;0;0;0;0;0;0;0;0;0;0;0
ADAM9;0;0;0;0;0;0;0;0;0;0;0;0
GAB1;1;0;1;0;0;0;0;0;0;0;0;0
PICALM;0;0;0;0;0;0;0;0;0;0;0;0
SQSTM1;1;0;0;0;0;0;0;0;0;1;0;0
TUBB3;0;0;0;0;0;0;0;0;0;0;0;0
PIN1;0;0;0;0;0;0;0;0;0;0;0;0
RIPK1;0;0;0;0;0;0;0;0;0;0;0;0
HDAC1;0;0;0;0;0;0;0;0;0;0;0;0
CAMK2B;0;0;0;0;0;0;0;0;0;0;0;0
DCTN2;1;0;0;1;0;0;1;0;1;1;1;0
ITPK1;0;0;0;0;0;0;0;0;0;0;0;0
IQGAP2;1;1;1;1;1;1;1;1;1;1;1;1
SNX1;0;0;0;0;0;0;0;0;0;0;0;0
TP53BP2;1;1;1;1;1;1;1;1;1;1;1;1
DYRK1A;0;0;0;0;0;0;0;0;0;0;0;0
TPBG;0;0;0;0;0;0;0;0;0;0;0;0
FHL1;1;1;1;1;1;1;1;1;1;1;1;1
ITGA7;0;0;0;0;0;0;0;0;0;0;0;0
MOGS;0;0;0;0;0;0;0;0;0;0;0;0
SPTAN1;1;0;1;1;0;1;1;0;1;1;0;1
DDX39B;0;0;0;0;0;0;0;0;0;0;0;0
SNTB1;0;0;0;0;0;0;0;0;0;0;0;0
BYSL;0;0;1;0;0;0;0;0;1;0;0;1
CKAP5;1;1;1;1;1;1;1;1;1;1;1;1
CAMK1;0;0;0;0;0;0;0;0;0;0;0;0
DAG1;1;1;1;1;1;1;1;1;1;1;1;1
DSG2;1;1;1;1;1;1;1;1;1;1;1;1
KEAP1;0;0;0;0;0;0;0;0;0;0;0;0
EIF3A;0;0;0;0;0;0;0;0;0;0;0;0
ARHGEF7;1;1;1;1;1;1;1;1;1;1;1;1
UBAP2L;0;1;0;0;1;0;0;0;0;0;1;0
GIT2;0;0;0;0;0;0;0;0;0;0;0;0
TTLL12;0;0;0;0;0;0;0;0;0;0;0;0
DPYSL3;1;1;0;1;1;0;0;1;0;1;1;0
DYNC1H1;0;0;0;0;0;0;0;0;0;0;0;0
CTTN;1;1;1;1;1;1;1;1;1;1;1;1
RCN2;0;0;0;0;0;0;0;0;0;0;0;0
TRIM25;1;1;1;1;1;1;1;1;1;1;1;1
FKBP8;0;0;0;0;0;0;0;0;0;0;0;0
FRG1;0;0;0;0;0;0;0;0;0;0;0;0
GNA13;0;0;0;0;0;0;0;0;0;0;0;0
CAPRIN1;0;1;1;1;1;1;0;1;0;0;1;0
RBM39;0;0;0;0;0;0;0;0;0;0;0;0
MCM6;0;0;0;0;0;0;0;0;0;0;0;0
ITPR3;0;0;0;0;0;0;0;0;0;0;0;0
PLS1;0;0;0;0;0;0;0;0;0;0;0;0
TRIP12;0;0;0;0;0;0;0;0;0;0;0;0
PUM1;0;0;0;0;0;0;0;0;0;0;0;0
ESPL1;0;0;0;0;0;0;0;0;0;0;0;0
MDC1;0;0;0;0;0;0;0;0;0;0;1;0
CLINT1;0;0;0;0;0;0;0;0;0;0;0;0
KANK1;0;0;0;0;0;0;0;0;0;0;0;0
MELK;0;0;0;0;0;0;0;0;0;0;0;0
SMC1A;0;0;0;0;0;0;0;0;0;0;0;0
RRP1B;0;0;0;0;0;0;0;0;0;0;0;0
DIP2A;0;0;0;0;0;0;0;0;0;0;0;0
PDCD11;0;0;0;0;0;0;0;0;0;0;0;0
USP10;1;1;0;1;1;1;1;1;1;1;1;1
GANAB;0;0;0;0;0;0;0;0;0;0;0;0
RFTN1;0;0;0;0;0;0;0;0;0;0;0;0
LBR;0;0;0;0;0;0;0;0;0;0;0;0
GOLGB1;0;0;0;0;0;0;0;0;1;0;0;1
CASP8;0;0;0;0;0;0;0;0;0;0;0;0
KIF22;0;0;0;1;0;0;0;0;0;0;0;0
LASP1;1;1;1;1;1;1;1;1;1;1;1;1
KPNB1;0;0;0;0;0;0;0;0;0;0;0;0
NOLC1;0;0;0;0;0;0;0;0;0;0;0;0
NUMA1;1;0;1;1;0;1;1;1;1;1;0;1
CUL7;0;0;0;0;0;0;0;0;0;0;0;0
GAPVD1;1;1;0;1;1;1;1;1;1;1;1;0
SEPT2;1;1;1;1;1;1;1;1;1;1;1;1
NCAPD2;0;0;0;0;0;0;0;1;1;0;1;1
EFTUD2;0;0;0;0;0;0;0;0;0;0;0;0
RAB3GAP1;0;0;0;0;0;0;0;0;0;0;0;0
KARS;0;0;0;0;0;0;0;0;0;0;0;0
ARHGEF6;0;0;0;0;0;0;0;0;0;0;0;0
EIF4H;0;0;0;0;0;0;0;0;0;0;0;0
KIF14;0;1;0;0;1;0;0;1;0;0;1;0
PDIA6;0;0;0;0;0;0;0;0;0;0;0;0
PCM1;1;0;0;0;0;1;0;0;1;1;0;1
PPA1;0;0;0;0;0;0;0;0;0;0;0;0
PVRL1;0;0;0;0;0;0;0;0;0;0;0;0
NONO;0;0;0;0;0;0;0;0;0;0;0;0
PTPRK;1;1;1;0;1;0;0;1;1;1;1;1
RAB35;1;1;1;1;1;1;1;1;1;1;1;1
RCN1;0;0;0;0;0;0;0;0;0;0;0;0
RALBP1;0;0;0;0;0;0;0;0;0;0;0;0
LLGL1;1;1;1;1;1;1;1;1;1;1;1;1
PCBP1;1;1;0;0;0;0;0;0;0;1;1;0
PCBP2;0;0;0;0;1;0;0;0;0;0;0;0
EPHA7;0;0;0;0;0;0;0;0;0;0;0;0
RHEB;0;0;0;0;0;0;0;0;0;0;0;0
SF3B3;0;0;0;0;0;0;0;0;0;0;0;0
DLGAP5;0;1;0;0;1;0;0;1;0;1;1;0
CNN3;1;1;1;1;1;1;1;1;1;1;1;1
SEC23B;0;1;1;0;1;1;0;1;1;0;1;1
CYTH1;0;0;0;0;0;0;0;0;0;0;0;0
SKIV2L;0;0;0;0;0;0;0;0;0;0;0;0
MAPRE2;0;0;0;0;0;0;0;0;0;0;0;0
SLC9A3R2;0;0;0;0;0;0;0;0;0;0;0;0
SF1;0;0;0;0;0;0;0;0;0;0;0;0
TRIP13;0;1;0;0;1;0;0;1;0;0;1;0
TRIP6;1;1;1;1;1;1;1;1;1;1;1;1
PTPN14;0;0;0;0;0;0;0;0;0;0;0;0
MAPRE1;1;1;1;1;1;0;1;1;0;1;1;0
ELAVL1;0;0;0;0;0;0;0;0;0;0;0;0
NSDHL;0;0;0;0;0;0;0;0;0;0;0;0
TAB1;0;0;0;0;0;0;0;0;0;0;0;0
SLC1A5;1;1;1;1;1;1;1;1;1;1;1;1
EFNB3;0;0;0;0;0;0;0;0;0;0;0;0
TBCE;0;0;0;0;0;0;0;0;0;0;0;0
VAMP3;0;0;0;0;0;0;0;0;0;0;0;0
ADRM1;0;0;0;0;0;0;0;0;0;0;0;0
CCDC6;1;1;1;1;1;0;1;1;1;1;1;1
PKN1;0;0;0;0;0;0;0;0;0;0;0;0
PKN2;1;1;1;1;1;1;1;1;1;1;1;1
CSRP2;1;1;1;0;1;0;1;1;0;1;1;0
DDB1;0;0;0;0;0;0;0;0;0;0;0;0
CDC37;0;0;0;0;0;0;0;0;0;0;0;0
RBBP7;0;0;0;0;0;0;0;0;0;0;0;0
OCLN;1;1;1;1;1;1;1;1;1;1;1;1
DBN1;1;1;1;0;1;0;0;1;0;0;1;0
FSCN1;0;0;0;1;1;0;0;0;0;0;0;0
NDUFA9;0;0;0;0;0;0;0;0;0;0;0;0
GEN1;0;0;0;0;0;0;0;0;0;0;0;0
ARHGAP12;0;0;0;0;0;0;0;0;0;0;0;0
INF2;0;1;0;0;1;0;0;1;1;0;1;1
PDS5A;0;0;0;0;0;0;0;0;0;0;0;0
KIF7;0;0;0;0;0;0;0;0;0;0;0;0
ERCC6L;0;0;0;0;0;0;0;0;0;0;0;0
TSR1;0;0;0;0;0;0;0;0;0;0;0;0
LRRFIP1;0;0;0;0;0;0;0;1;1;1;1;1
MAP7D1;0;0;0;0;0;0;0;0;0;0;0;0
DAK;0;0;0;0;0;0;0;0;0;0;0;0
LSM12;0;0;0;0;0;0;0;0;0;0;0;0
CCDC88A;0;0;0;0;0;0;0;0;0;0;0;0
RABL6;0;0;0;0;0;0;0;0;0;0;0;0
TUBB8;0;0;0;0;1;1;0;0;0;0;0;0
TIMM50;0;0;0;0;0;0;0;0;0;0;0;0
TBC1D10B;1;1;1;1;1;1;0;1;1;1;1;1
AMOT;1;1;1;0;1;0;0;0;0;0;1;0
PAN2;0;0;0;0;0;0;0;0;0;0;0;0
CEP55;1;1;1;0;1;0;0;1;1;1;1;1
PDLIM3;0;0;0;0;0;0;0;0;0;0;0;0
HSD17B12;0;0;0;0;0;0;0;0;0;0;0;0
SDK2;0;1;1;0;0;0;0;0;0;0;0;0
PLEKHG4;0;0;0;0;0;0;0;0;0;0;0;0
HSP90AB2P;0;0;0;0;0;0;0;0;0;0;0;0
KLK13;0;0;0;0;0;0;0;0;0;0;0;0
NOM1;0;0;0;0;0;0;0;0;0;0;0;0
PDZD11;0;0;0;0;0;0;0;0;0;0;0;0
DNAJC21;0;0;0;0;0;0;0;0;0;0;0;0
MAGED2;0;0;0;0;0;0;0;0;0;0;0;0
RABL3;0;0;0;0;0;0;0;0;0;0;0;0
MIA3;0;0;0;0;0;0;0;0;0;0;0;0
PRRC2B;0;0;0;0;0;0;0;0;0;0;0;0
RRP12;0;0;0;0;0;0;0;0;0;0;0;0
AARS2;0;0;0;0;0;0;0;0;0;0;0;0
DLG3;0;0;0;0;0;0;0;0;0;0;0;0
PCID2;0;0;0;0;0;0;0;0;0;0;0;0
SPECC1;0;0;0;0;0;0;0;0;0;0;0;0
HIST1H2BH;0;0;0;0;0;0;0;0;0;0;0;0
PSMF1;0;0;0;0;0;0;0;0;0;0;0;0
EXOSC6;0;0;0;0;0;0;0;0;0;0;0;0
CEP170;1;1;1;1;1;1;1;1;1;1;1;1
NHSL1;0;1;1;0;0;0;0;1;0;0;1;0
FAM83B;0;0;0;0;0;0;0;0;0;0;0;0
C6orf132;0;0;0;0;0;0;0;0;0;0;0;0
MPP7;0;0;0;0;1;0;0;0;0;0;0;0
ARRDC1;0;0;0;0;0;0;0;0;0;0;0;0
UBR4;0;0;0;0;0;0;0;0;0;0;0;0
STXBP5;0;0;0;0;0;0;0;0;0;0;0;0
ARHGAP21;0;0;0;0;0;0;0;0;0;0;0;0
CAMSAP1;0;0;0;0;0;0;0;0;0;0;0;0
UBAP2;0;1;0;0;1;0;0;1;0;0;1;0
SLAIN1;0;0;0;0;0;0;0;0;0;0;0;0
KPRP;0;0;0;0;0;0;0;0;0;0;0;0
ATAD3B;0;0;0;0;0;0;0;0;0;0;0;0
MLK4;0;0;0;0;0;0;0;0;0;0;0;0
NTPCR;0;0;0;0;0;0;0;0;0;0;0;0
NT5DC1;0;0;0;0;0;0;0;0;0;0;0;0
PRR14L;0;0;0;0;0;0;0;0;0;0;0;0
RIF1;0;0;0;0;0;0;0;0;1;1;0;0
CDC42BPA;1;1;1;1;1;0;1;1;1;1;1;0
FAM171A1;0;0;0;0;0;0;0;0;0;0;0;0
LRCH2;0;0;0;0;0;0;0;0;0;0;0;0
CDKAL1;0;0;0;0;0;0;0;0;0;0;0;0
ZCCHC6;0;0;0;0;0;0;0;0;0;0;0;0
LRRC16A;0;0;0;0;0;0;0;0;0;0;0;0
FLNA;1;1;1;1;1;1;1;1;1;1;1;1
KANK2;0;0;0;0;0;0;0;0;0;0;0;0
FAM91A1;0;0;0;0;0;0;0;0;0;0;0;0
MAP1S;0;1;0;0;1;0;0;1;0;0;1;0
HAUS3;0;0;0;0;0;0;0;0;0;0;0;0
ARHGAP17;0;0;0;0;0;0;0;0;0;0;0;0
CIAPIN1;1;1;1;1;1;1;1;1;1;1;1;1
OTUD7B;0;0;0;0;0;0;0;0;0;0;0;0
LAMTOR1;0;0;0;0;0;0;0;0;0;0;0;0
NIPBL;0;0;0;0;0;0;0;0;0;0;0;0
PHLDB3;0;0;0;0;0;0;0;0;0;0;0;0
PTRF;0;0;0;0;0;0;0;0;0;0;0;0
CDC73;0;0;0;0;0;0;0;0;0;0;0;0
FAM117B;0;0;0;0;0;0;0;0;0;0;0;0
MRPL14;0;0;0;0;0;0;0;0;0;0;0;0
SLC27A4;0;0;0;0;0;0;0;0;0;0;0;0
CC2D1A;0;0;0;0;0;0;0;0;0;0;0;0
METTL2B;0;0;0;0;0;0;0;0;0;0;0;0
EDC4;1;1;1;1;1;1;1;1;1;1;1;1
CEP85;0;1;0;0;1;0;0;1;0;0;1;0
PRPF8;0;0;0;0;0;0;0;0;0;0;0;0
SFXN4;0;0;0;0;0;0;0;0;0;0;0;0
CNNM4;0;0;0;0;0;0;0;0;0;0;0;0
PKN3;0;0;0;0;0;0;0;0;0;0;0;0
TLDC1;0;0;0;0;0;0;0;0;0;0;0;0
TTC37;0;0;0;0;0;0;0;0;0;0;1;0
DARS2;0;0;0;0;0;0;0;0;0;0;0;0
TRIM65;0;0;0;0;0;0;0;0;0;0;0;0
LARP1;1;1;1;1;1;1;1;1;1;1;1;1
AGTRAP;0;0;0;0;0;0;0;0;0;0;0;0
SAMD1;0;0;0;0;0;0;0;0;0;0;0;0
SARM1;0;0;0;0;0;0;0;0;0;0;0;0
SASS6;0;0;0;0;0;0;0;0;0;0;0;0
MPRIP;1;1;1;0;1;1;1;1;1;1;1;1
RAB11FIP1;0;0;0;0;1;0;0;0;0;0;0;0
DNMBP;0;0;0;0;0;0;0;0;0;0;0;0
GIGYF2;0;0;0;0;0;0;0;0;0;0;0;0
CCBL2;0;0;0;0;0;0;0;0;0;0;0;0
NFXL1;0;0;0;0;0;0;0;0;0;0;0;0
STXBP4;0;0;0;0;0;0;0;0;0;0;1;0
USP54;0;0;0;0;0;0;0;0;0;0;0;0
LARP4;0;0;0;0;1;0;0;1;0;0;1;0
TUBA1A;0;0;1;0;0;1;0;0;1;0;0;1
SND1;0;0;0;0;0;0;0;0;0;0;0;0
TRMT10C;0;0;0;0;0;0;0;0;0;0;0;0
CYFIP1;1;1;1;1;1;1;1;1;1;1;1;1
TAOK1;0;0;0;0;0;0;0;0;0;0;0;0
FASTKD5;0;0;0;0;0;0;0;0;0;0;0;0
MOB1A;0;0;0;0;0;0;0;0;0;0;0;0
KDM3B;0;0;0;0;0;0;0;0;0;0;0;0
MICAL3;0;0;0;0;0;0;0;0;0;0;0;0
GPRIN1;1;1;1;1;1;1;1;1;1;1;1;1
ZC3HAV1;1;1;1;1;1;1;1;1;1;1;1;1
EFTUD1;0;0;0;0;0;0;0;0;0;0;0;0
POGZ;0;0;0;0;0;0;0;0;0;0;0;0
ZFYVE16;0;0;0;0;1;0;0;1;1;0;1;0
MYH14;0;0;0;0;0;0;1;0;0;1;0;0
NUFIP2;0;1;1;0;1;1;0;1;0;0;1;1
CLASP1;0;0;0;0;0;0;0;0;0;0;0;0
HAUS6;0;0;0;0;0;0;0;0;0;0;0;0
HEATR3;0;0;0;0;0;0;0;0;0;0;0;0
HDGFRP2;0;0;0;0;0;0;0;0;0;0;0;0
SRGAP1;0;0;0;0;0;0;0;0;0;0;0;0
HUWE1;0;0;0;0;0;1;0;0;1;0;0;1
CENPV;0;0;0;0;0;0;0;0;0;0;0;0
SLFN11;0;0;0;0;0;0;0;0;0;0;0;0
TTC7B;0;0;0;0;0;0;0;0;0;0;0;0
NOP9;0;0;0;0;0;0;0;0;0;0;0;0
PBRM1;0;0;0;0;0;0;0;0;0;0;0;0
SAPCD2;0;0;0;0;0;0;0;0;0;0;0;0
MTDH;0;0;0;0;0;0;0;0;0;0;0;0
ZNF598;1;1;1;1;1;1;1;1;1;1;1;1
KTN1;0;0;0;1;1;0;1;1;0;0;1;1
SMG6;0;0;0;0;0;0;0;0;0;0;0;0
PHLDB1;0;0;0;0;0;0;0;0;0;0;0;0
LUZP1;1;0;0;0;0;0;1;0;0;1;0;0
CAND1;0;0;0;0;0;0;0;0;0;0;0;0
PPFIBP1;0;0;0;0;0;0;0;0;0;0;1;0
SBF2;0;0;0;0;0;0;0;0;0;0;0;0
LSR;1;1;1;1;1;1;1;1;1;1;1;1
CARM1;0;1;0;0;0;0;0;1;1;1;1;0
ANKLE2;0;1;0;0;1;0;0;1;0;0;1;0
DNAAF5;0;0;0;0;0;0;0;0;0;0;0;0
STX12;1;0;0;1;1;0;1;0;0;1;0;0
CPNE8;1;1;1;1;1;1;1;1;1;1;1;1
C2CD5;0;0;0;0;0;0;0;0;0;0;0;0
SGK223;0;0;0;0;0;0;0;0;0;0;0;0
RELL1;0;0;0;0;0;0;0;0;0;0;0;0
CCDC50;0;0;0;0;0;0;0;0;0;0;0;0
MAP7D3;0;0;0;0;0;0;0;0;0;0;0;0
LRRC8A;0;0;0;0;0;0;0;0;0;0;0;0
CHERP;0;0;0;0;0;0;0;0;0;0;0;0
ANKHD1;1;1;1;1;1;1;1;1;1;1;1;1
DHX40;0;0;0;0;0;0;0;0;0;0;0;0
SKA3;0;0;0;0;0;0;0;0;0;0;0;0
RHOT2;0;0;0;0;0;0;0;0;0;0;0;0
FTSJ3;0;0;0;0;0;0;0;0;0;0;0;0
PM20D2;0;0;0;0;0;0;0;0;0;0;0;0
PHACTR4;1;1;1;0;1;0;0;1;1;1;1;1
UNC5B;0;0;0;0;0;0;0;0;0;0;0;0
C8orf59;0;0;0;0;0;0;0;0;0;0;0;0
SPG20;1;1;1;1;1;1;0;1;1;1;1;1
RPTOR;0;0;0;0;0;0;0;0;0;0;0;0
CCAR2;0;0;0;0;0;0;0;0;0;0;0;0
NUP93;0;0;0;0;0;0;0;0;0;0;0;0
LRRC47;0;0;1;0;0;1;0;0;1;0;0;1
ASCC3;0;0;0;0;0;0;0;1;0;0;1;0
PLCD3;0;0;0;0;0;0;0;0;0;0;0;0
MICALL1;0;0;0;0;0;0;0;0;0;0;0;0
MPP5;0;0;0;0;0;0;0;0;0;0;0;0
MINK1;1;1;1;0;1;1;0;1;1;1;1;1
MMGT1;0;0;0;0;0;0;0;0;0;0;0;0
OXR1;0;0;0;0;0;0;0;0;0;0;0;0
NKAP;0;0;0;0;0;0;0;0;0;0;0;0
TMEM57;0;0;0;0;0;0;0;0;0;0;0;0
CISD2;0;0;0;0;0;0;0;0;0;0;0;0
RPP25L;0;0;0;0;0;0;0;0;0;0;0;0
FAM101B;0;0;0;0;0;0;0;0;0;0;0;0
LZTR1;1;1;1;0;0;0;0;0;0;0;1;0
METTL13;0;0;0;0;0;0;0;0;0;0;0;0
ARFGAP1;0;0;0;0;0;0;0;0;0;0;0;0
EMC1;0;0;1;0;0;0;0;0;0;0;0;1
DCBLD1;0;0;0;0;0;0;0;0;0;0;0;0
KDF1;0;0;0;0;0;0;0;0;0;0;0;0
ANKRD52;0;0;0;0;0;0;0;0;0;0;0;0
SPATA5;0;0;0;0;0;0;0;0;0;0;0;0
SPC24;0;0;0;0;0;0;0;0;0;0;0;0
ATAD1;0;0;0;0;0;0;0;0;0;0;0;0
SERBP1;0;0;0;0;0;0;0;0;0;0;0;0
LEMD2;0;0;0;0;0;0;0;0;0;0;0;0
MTMR14;0;0;0;0;0;0;0;0;0;0;0;0
LSM14A;0;0;0;0;0;0;0;0;0;0;0;0
CCNY;0;0;0;0;0;0;0;0;0;0;0;0
EHBP1;0;0;0;0;0;0;0;0;0;0;0;0
TNRC6A;0;0;0;0;0;0;0;0;0;0;0;0
CNNM3;0;0;0;0;0;0;0;0;0;0;0;0
ABCF1;0;0;0;0;0;0;0;0;0;0;0;0
LPCAT1;0;0;0;0;0;0;0;0;0;0;0;0
RASSF8;0;0;0;0;0;0;0;0;0;0;0;0
THOC2;0;0;0;0;0;0;0;0;0;0;0;0
ADCK3;0;0;0;0;0;0;0;0;0;0;0;0
VANGL1;1;1;1;0;1;0;0;0;1;1;1;0
PCDH19;0;0;0;0;0;0;0;0;0;0;0;0
EXOC6;0;0;0;0;0;0;0;0;0;0;0;0
NPLOC4;0;0;0;0;0;0;0;0;0;0;0;0
PIP4K2C;0;0;0;0;0;0;0;0;0;0;0;0
TBC1D15;1;1;1;1;1;1;1;1;1;1;1;1
STT3B;0;0;0;0;0;0;0;0;0;0;0;0
NEK9;1;1;1;1;1;1;1;1;1;1;1;1
NEK7;0;0;0;0;0;0;0;0;0;0;0;0
NUP210;0;0;0;0;0;0;0;0;0;0;0;0
GEMIN5;1;1;1;1;1;1;1;1;1;1;1;1
PARD3;1;1;0;1;1;0;1;1;0;1;1;0
PARD3B;0;0;0;0;0;0;0;0;0;0;0;0
IPO4;0;0;0;0;0;0;0;0;0;0;0;0
USP33;0;0;0;0;0;0;0;0;0;0;0;0
PPP4R1;0;0;0;0;0;0;0;0;0;0;0;0
SHROOM3;0;0;0;0;0;0;0;0;0;0;0;0
WIPF2;0;0;0;0;0;0;0;0;0;0;0;0
NOC3L;0;0;0;0;0;0;0;0;0;0;0;0
FRS2;0;0;0;0;0;0;0;0;0;0;0;0
ZC3H15;0;0;0;0;0;0;0;0;0;0;0;0
TMEM263;0;0;0;0;0;0;0;0;0;0;0;0
NUP133;0;0;0;0;0;0;0;0;0;0;0;0
PDCD6IP;1;1;1;1;1;1;1;1;1;1;1;1
BRK1;1;1;1;1;1;1;1;1;1;1;1;1
SCFD1;0;0;0;0;0;0;0;0;0;0;0;0
FAR1;0;0;0;0;0;0;0;0;0;0;0;0
LMO7;0;0;0;0;0;0;0;0;0;0;0;0
CKAP2;0;0;0;0;0;0;0;0;0;0;0;0
ATXN2L;1;1;1;1;1;1;1;1;1;1;1;1
PALLD;1;1;1;0;1;0;0;1;0;1;1;0
CASKIN2;1;1;1;0;0;0;0;0;0;0;1;0
IRGQ;0;0;0;0;0;0;0;0;0;0;0;0
DDX1;1;1;1;0;1;1;1;1;0;1;1;1
GBF1;0;0;0;0;0;0;0;0;0;0;0;0
NCSTN;0;1;0;0;1;0;0;0;0;0;1;0
WASF1;1;1;1;1;1;1;1;1;1;1;1;1
AP3S1;0;0;0;0;0;0;0;0;0;0;0;0
TSC1;0;0;0;0;0;0;0;0;0;0;0;0
UBXN4;0;0;0;0;0;0;0;0;0;0;0;0
PHF3;0;1;0;1;0;1;0;1;0;0;0;0
HSPH1;0;1;1;0;1;1;1;1;1;1;1;1
RQCD1;0;0;0;0;0;0;0;0;0;0;0;0
TBC1D5;0;0;0;0;0;0;0;0;0;0;0;0
LARP4B;0;0;0;0;0;0;0;0;0;0;0;0
GCN1L1;0;0;0;0;0;0;0;0;0;0;0;0
DHX38;0;0;0;0;0;0;0;0;0;0;0;0
NUP205;0;0;0;0;0;0;0;0;0;0;0;0
ANKS1A;0;0;0;0;0;0;0;0;0;0;0;0
AKAP1;1;1;0;0;0;0;0;1;1;0;1;0
PVRL2;1;1;1;1;1;1;1;1;1;1;1;1
TFG;1;1;1;1;1;1;1;1;1;1;1;1
USP6NL;0;1;0;0;0;0;0;0;0;0;0;0
STAM;1;1;1;1;1;1;1;1;0;1;1;1
TAF15;0;0;0;0;0;0;0;0;0;0;0;0
NEO1;0;0;0;0;0;0;0;0;0;0;0;0
RAD50;0;0;0;0;0;0;0;0;0;0;0;0
UPF1;1;1;1;1;1;1;1;1;1;1;1;1
TNPO1;0;0;0;0;0;0;0;0;0;0;0;0
ARHGEF2;1;1;1;1;1;1;1;1;1;1;1;1
DVL3;0;0;0;0;0;0;0;0;0;0;0;0
USP9X;1;1;1;1;1;1;1;1;1;1;1;1
USP7;0;0;0;0;0;0;0;0;0;0;0;0
LPP;0;1;1;0;1;1;0;1;1;0;1;1
PHKB;0;0;0;0;0;0;0;0;0;0;0;0
SCAMP4;0;0;0;0;0;0;0;0;0;0;0;0
YIPF5;0;0;0;0;0;0;0;0;0;0;0;0
NCLN;0;0;0;1;0;0;0;0;0;0;0;0
SYAP1;0;0;0;0;0;0;0;0;0;0;0;0
EXOC4;0;1;0;0;1;0;0;1;0;1;1;0
FERMT2;1;1;1;1;1;1;1;1;1;1;1;1
LRRC59;0;0;0;0;0;0;0;0;0;0;0;0
AKT1S1;0;0;0;0;0;0;0;0;0;0;0;0
SKA1;0;0;0;0;0;0;0;0;0;0;0;0
RNF25;0;0;0;0;0;0;0;0;0;0;0;0
AIDA;0;0;0;0;0;0;0;0;0;0;0;0
OTULIN;0;0;0;0;0;0;0;0;0;0;0;0
TAMM41;0;0;0;0;0;0;0;0;0;0;0;0
ATG2B;0;0;0;0;0;0;0;0;0;0;0;0
EFHD2;0;0;0;0;0;0;0;0;0;0;0;0
PYCR2;0;0;0;0;0;0;0;0;0;0;0;0
HAUS1;0;0;0;0;0;0;0;0;0;0;0;0
FAF2;0;0;0;0;0;0;0;0;0;0;0;0
AP2M1;0;0;0;0;0;0;0;0;0;0;0;0
TUBGCP3;0;0;0;0;0;0;0;0;0;0;0;0
KCTD12;0;0;0;0;0;0;0;0;0;0;0;0
REPS1;1;1;0;0;1;0;1;1;0;1;1;0
ARHGEF26;0;0;0;0;0;0;0;0;0;0;0;0
DNAJA3;0;0;0;0;0;0;0;0;0;0;0;0
MVB12A;0;0;0;0;0;0;0;0;0;0;0;0
PTCD3;0;0;0;0;0;0;0;0;0;0;0;0
EDC3;0;1;0;0;1;0;0;1;0;0;0;0
LTV1;0;0;0;0;0;0;0;0;0;0;0;0
APIP;0;0;0;0;0;0;0;0;0;0;0;0
PDLIM5;1;1;1;1;1;1;1;1;1;1;1;1
PGAM5;0;0;0;0;0;0;0;0;1;1;0;1
FUBP3;0;0;0;0;0;0;0;0;0;0;0;0
RBM17;0;0;0;0;0;0;0;0;0;0;0;0
YME1L1;0;0;0;0;0;0;0;0;0;0;0;0
SUCLG2;0;0;0;0;0;0;0;0;0;0;0;0
LRCH3;0;0;0;0;0;0;0;0;0;0;0;0
PAWR;1;1;1;1;1;1;1;1;1;1;1;1
ITCH;0;0;0;0;0;0;0;0;0;0;0;0
KIRREL;0;0;0;0;0;0;0;0;0;0;0;0
USP47;0;0;0;0;0;0;0;0;0;0;0;0
CLPTM1L;0;0;0;0;0;0;0;0;0;0;0;0
PBK;0;0;0;0;0;0;0;0;0;0;0;0
EXOC2;0;0;0;0;0;0;0;0;0;0;0;0
CNDP2;0;0;0;0;0;0;0;0;0;0;0;0
ZFR;0;0;0;0;0;0;0;0;0;0;0;0
SNX27;0;0;0;0;0;0;0;0;0;0;0;0
C5orf34;0;0;0;0;0;0;0;0;0;0;0;0
DOCK7;1;1;1;1;1;1;1;1;1;1;1;1
ANKRD27;0;0;0;0;0;0;0;0;0;0;0;0
NSUN5;0;0;0;0;0;0;0;0;0;0;0;0
AGAP3;0;0;0;0;0;0;0;0;0;0;0;0
ARAP1;0;0;0;0;0;0;0;0;0;0;0;0
IPO9;0;0;0;0;0;0;0;0;0;0;0;0
DCBLD2;0;0;0;0;0;0;0;0;0;0;0;0
INPP4A;0;0;0;0;0;0;0;0;0;0;0;0
RBM14;0;0;0;0;0;0;0;0;0;0;0;0
NEDD4L;0;0;0;0;0;0;0;0;0;0;0;0
LENG8;0;0;0;0;0;0;0;0;0;0;0;0
KIF20B;0;0;0;0;0;0;0;0;0;0;0;0
VPS35;0;0;0;0;0;0;0;0;0;0;0;0
SPAG5;1;0;0;1;1;1;1;1;1;1;1;1
SNX18;1;1;1;0;1;0;0;1;0;0;1;0
MCCC1;0;0;0;0;0;0;0;0;0;0;0;0
TGS1;0;0;0;0;0;0;0;0;0;0;0;0
ERBB2IP;1;1;1;1;1;1;1;1;1;1;1;1
TP53RK;0;0;0;0;0;0;0;0;0;0;0;0
WRNIP1;0;0;0;0;0;0;0;0;0;0;0;0
SRPK1;0;0;0;0;0;0;0;0;0;0;0;0
KCTD15;0;0;0;0;0;0;0;0;0;0;0;0
CDK5RAP2;0;0;0;0;0;0;0;0;0;0;0;0
CEP89;0;0;0;0;0;0;0;0;0;0;0;0
OSBPL9;0;0;0;0;0;0;0;0;0;0;0;0
ADO;0;0;0;0;0;0;0;0;0;0;0;0
CDK5RAP1;0;0;0;0;0;0;0;0;0;0;0;0
MAP7D2;0;0;0;0;0;0;0;0;0;0;0;0
RUFY1;0;0;0;0;0;0;0;0;0;0;0;0
MMS19;0;0;0;0;0;0;0;0;0;0;0;0
FAM129B;0;0;0;0;0;0;0;0;0;0;0;0
TBCB;1;0;1;0;0;0;0;0;0;1;0;0
CDC5L;0;0;0;0;0;0;0;0;0;0;0;0
PARK7;0;0;0;0;0;0;0;0;0;0;0;0
NUP88;0;0;0;0;0;0;0;0;0;0;0;0
PKP4;0;0;0;0;0;0;0;0;0;0;0;0
PIK3R4;0;0;0;0;0;0;0;0;0;0;0;0
EIF3C;0;0;0;0;0;0;0;0;0;0;0;0
TTC1;0;0;0;0;0;0;0;0;0;0;0;0
DNAJC7;0;0;0;0;1;0;0;1;0;0;1;0
PHB2;0;0;0;0;0;0;0;0;0;0;0;0
KIF2C;0;0;0;0;0;0;0;0;0;0;0;0
HSD17B10;0;0;0;0;0;0;0;0;0;0;0;0
SMAD5;1;1;1;0;1;1;0;1;1;1;1;1
HNRNPAB;0;0;0;0;0;0;0;0;0;0;0;0
NAPG;0;0;0;0;0;0;0;0;0;0;0;0
TSG101;1;1;1;1;1;1;1;1;1;1;1;1
CCT7;0;0;0;0;0;0;0;0;0;0;0;0
AGPAT1;0;0;0;0;0;0;0;0;0;0;0;0
PKP2;1;1;1;1;1;1;1;1;1;1;1;1
SH3GL1;0;0;0;0;0;0;0;0;0;0;1;0
NCAPG;0;0;0;0;0;0;0;0;0;0;0;0
WDR77;0;0;0;0;0;0;0;0;0;0;0;0
DPH2;0;0;0;0;0;0;0;0;0;0;0;0
MYBBP1A;0;0;0;0;0;0;0;0;0;0;0;0
CORO1B;0;0;0;0;0;0;0;0;0;0;0;0
PDCD2L;0;0;0;0;0;0;0;0;0;0;0;0
GPATCH1;0;0;0;0;0;0;0;0;0;0;0;0
PELO;0;0;0;0;0;0;0;0;0;0;1;0
TUBGCP2;0;0;0;1;0;0;0;0;0;0;0;0
ESYT1;1;1;1;1;1;1;1;1;1;1;1;1
RTKN;0;0;0;0;0;0;0;0;0;0;0;0
DIDO1;0;0;0;0;0;0;0;0;0;0;0;0
MCMBP;0;1;0;0;1;0;0;0;0;0;1;0
DCUN1D5;0;0;0;0;0;0;0;0;0;0;0;0
LRFN3;0;0;0;0;0;0;0;0;0;0;0;0
ANP32E;0;0;0;0;0;0;0;0;0;0;0;0
LRRC1;0;1;0;0;1;0;0;0;0;0;1;0
TMEM43;0;0;0;0;0;0;0;0;0;0;0;0
CABLES2;0;0;0;0;0;0;0;0;0;0;0;0
NDC1;0;0;0;0;0;0;0;0;0;0;0;0
LMF2;0;0;0;0;0;0;0;0;0;0;0;0
TUBB6;0;0;0;0;0;0;0;0;0;0;0;0
MRI1;0;0;0;0;0;0;0;0;0;0;0;0
VAMP8;0;0;0;0;0;0;0;0;0;0;0;0
THUMPD3;0;0;0;0;0;0;0;0;0;0;0;0
ADI1;0;0;0;0;0;0;0;0;0;0;0;0
NTMT1;0;0;0;0;0;0;0;0;0;0;0;0
TUBB2B;0;0;0;0;0;1;0;0;1;0;0;1
NOC4L;0;0;0;0;0;0;0;0;0;0;0;0
GNL3;0;0;0;0;0;0;0;0;0;0;0;0
SPATA5L1;0;0;0;0;0;0;0;0;0;0;0;0
RIOK2;0;0;0;0;0;0;0;0;0;0;0;0
KIFC1;0;1;0;1;1;0;1;1;0;1;1;0
TARS2;0;0;0;0;0;0;0;0;0;0;0;0
RBM4;0;0;0;0;0;0;0;0;0;0;0;0
SORBS1;0;1;0;0;0;0;0;0;0;0;0;0
TBC1D10A;0;0;0;0;0;0;0;0;0;0;0;0
FANCD2;0;0;0;0;0;0;0;0;0;0;0;0
ITPA;0;0;0;0;0;0;0;0;0;0;0;0
KIAA1671;0;0;0;0;0;0;0;0;0;0;0;0
PARD6B;1;1;1;0;0;0;0;0;0;0;0;0
FAM126A;0;0;0;0;0;0;0;0;0;0;0;0
OSBPL8;1;1;1;1;1;1;1;1;1;1;1;1
RAB34;0;0;0;0;1;0;0;1;0;0;1;0
UPF3B;0;0;0;0;0;0;0;0;0;0;0;0
PPP1R12C;0;0;0;0;0;0;0;0;0;0;0;0
FAM129A;0;0;0;0;0;0;0;0;0;0;0;0
UCK2;0;0;0;0;0;0;0;0;0;0;0;0
TRIM9;0;0;0;0;0;0;0;0;0;0;0;0
UNK;0;0;0;0;0;0;0;0;0;0;0;0
ZDHHC5;1;1;1;0;1;1;0;1;1;1;1;0
TNKS1BP1;1;1;1;0;0;0;0;1;1;1;1;1
UBE2O;0;0;0;0;0;0;0;0;0;0;0;0
TANC1;0;0;0;0;0;0;0;0;0;0;0;0
ARHGAP39;0;0;0;0;0;0;0;0;0;0;0;0
MTMR12;0;0;0;0;0;0;0;0;0;0;0;0
PITHD1;0;0;0;0;0;0;0;0;0;0;0;0
SLIRP;0;0;0;0;0;0;0;0;0;0;0;0
MTFR1L;0;0;0;0;0;0;0;0;0;0;0;0
PAIP1;0;0;0;0;0;0;0;0;0;0;0;0
LSG1;0;0;0;0;0;0;0;0;0;0;0;0
NAT10;0;0;0;0;0;0;0;0;0;0;0;0
KLC2;0;0;0;0;0;0;0;0;0;0;0;0
ILKAP;0;0;0;0;0;0;0;0;0;0;0;0
XRN2;0;0;0;0;0;0;0;0;0;0;0;0
TOLLIP;0;0;0;0;0;0;0;0;0;0;0;0
RACGAP1;0;0;0;0;0;0;0;0;0;0;0;0
CSTF2T;0;0;0;0;0;0;0;0;0;0;0;0
DDX47;0;0;0;0;0;0;0;0;0;0;0;0
RAB1B;0;0;0;0;0;0;0;0;0;0;0;0
CCDC8;0;0;0;0;0;0;0;0;0;0;0;0
ANAPC1;0;0;0;0;0;0;0;0;0;0;0;0
ASCC2;0;0;0;0;0;0;0;0;0;0;0;0
EHD4;1;0;1;0;0;1;0;0;1;1;1;1
VPS16;0;0;0;0;0;0;0;0;0;0;0;0
GAN;0;0;0;0;0;0;0;0;0;0;0;0
TRIOBP;1;1;1;1;1;1;1;1;1;1;1;1
SLK;0;0;0;0;0;0;0;0;0;0;0;0
RAB3GAP2;0;0;0;0;0;0;0;0;0;0;0;0
ADNP;0;0;0;0;0;0;0;0;0;0;0;0
DHX36;0;0;0;0;0;0;0;0;0;0;0;0
GGNBP2;0;0;0;0;0;0;0;0;0;0;0;0
BOLA2;0;1;0;0;0;0;0;0;0;0;1;0
TMX1;0;0;0;0;0;0;0;0;0;0;0;0
ACBD3;0;0;0;0;0;0;0;0;0;0;0;0
CDC42EP4;0;0;0;0;0;0;0;0;0;0;0;0
PTPN23;0;0;0;0;0;0;0;0;0;0;0;0
UNC45A;0;0;0;0;0;0;0;0;0;0;0;0
C1orf198;0;0;0;0;0;0;0;0;0;0;0;0
EPB41L1;0;0;0;0;0;0;0;0;0;0;0;0
RNF41;0;0;0;0;0;0;0;0;0;0;0;0
YTHDC2;0;1;1;0;0;1;0;0;0;1;1;1
RPAP3;0;0;0;0;0;0;0;0;0;0;0;0
BCAS3;0;0;0;0;0;0;0;0;0;0;0;0
ANTXR1;0;0;0;0;0;0;0;0;0;0;0;0
DCTPP1;1;1;1;1;1;1;0;1;1;1;1;1
SH2D4A;0;0;0;0;0;0;0;0;0;0;0;0
PEAK1;0;0;0;0;0;0;0;0;0;0;0;0
WDR26;0;0;0;0;0;0;0;0;0;0;0;0
C8orf33;0;0;0;0;0;0;0;0;0;0;0;0
PLEKHG2;0;0;0;0;0;0;0;0;0;0;0;0
ZNF703;0;0;0;0;0;0;0;0;0;0;0;0
QTRTD1;0;0;0;0;0;0;0;0;0;0;0;0
CNOT10;0;0;0;0;0;0;0;0;0;0;0;0
LRRC40;0;0;0;0;0;0;0;0;0;0;0;0
SFXN1;0;0;0;0;0;0;0;0;0;0;0;0
ELP3;0;0;0;0;0;0;0;0;0;0;0;0
WDR41;0;0;0;0;0;0;0;0;0;0;0;0
PLEKHA5;1;0;1;0;0;0;0;0;0;1;0;1
UPF2;0;0;0;0;0;0;0;0;0;0;0;0
XPO5;0;0;0;0;0;0;0;0;0;0;0;0
C12orf10;0;0;0;0;0;0;0;0;0;0;0;0
PLEKHA1;0;0;0;0;0;0;0;0;0;0;0;0
CACYBP;1;0;1;1;1;0;1;1;0;1;1;0
MCCC2;0;0;0;0;0;0;0;0;0;0;0;0
TANC2;0;0;0;0;0;0;0;0;0;0;0;0
EPB41L5;0;0;0;0;0;0;0;0;0;0;0;0
PREB;0;0;0;0;0;0;0;0;0;0;0;0
ATP13A1;0;0;0;0;0;0;0;0;0;0;0;0
JPH1;0;0;0;0;0;0;0;0;0;0;0;0
WDR6;1;1;1;1;1;1;1;1;1;1;1;1
ARFGAP3;0;0;0;0;0;0;0;0;0;0;0;0
RAB18;0;0;0;0;0;0;0;0;0;0;0;0
ISYNA1;1;1;1;1;1;1;1;1;1;1;1;1
RIC8A;0;0;0;0;0;0;0;0;0;0;0;0
LUC7L;0;0;0;0;0;0;0;0;0;0;0;0
PLCB1;0;0;0;0;0;0;0;0;0;0;0;0
RTN4;0;0;0;0;0;0;0;0;0;0;0;0
KIF13B;0;0;0;0;0;0;0;0;0;0;0;0
ANLN;0;0;0;0;0;0;0;0;0;0;0;0
GPHN;1;1;0;0;1;0;1;1;1;1;1;1
BIRC6;0;0;0;0;0;0;0;0;0;0;0;0
PDLIM7;0;0;0;0;0;0;0;0;0;0;0;0
DDX21;0;0;0;0;0;0;0;0;0;0;0;0
EIF2B3;0;0;0;0;0;0;0;0;1;0;0;0
SH2B1;0;0;0;0;0;0;0;0;0;0;0;0
AAAS;0;0;0;0;0;0;0;0;0;0;0;0
BAZ1A;0;0;0;0;0;0;0;0;0;0;0;0
PNO1;0;0;0;0;0;0;0;0;0;0;0;0
ARHGAP35;0;0;0;0;0;0;0;0;0;0;0;0
PLSCR3;0;0;0;0;0;0;0;0;0;0;0;0
TOMM22;0;0;0;0;0;0;0;0;0;0;0;0
FARSB;0;0;0;0;0;0;0;0;0;0;0;0
FAM207A;0;0;0;0;0;0;0;0;0;0;0;0
KLC4;0;0;0;0;0;0;0;0;0;0;0;0
DIAPH3;0;0;0;0;0;0;0;0;0;0;0;0
ATG3;0;0;0;0;0;0;0;0;0;0;0;0
SMC4;0;0;0;0;0;0;0;0;0;0;0;0
MDN1;0;0;0;0;0;0;0;0;0;0;0;0
DDX28;0;0;0;0;0;0;0;0;0;0;0;0
LIN7C;1;1;1;0;1;0;0;0;1;1;1;1
TXLNG;1;1;1;1;1;1;1;1;1;1;1;1
ABCF3;0;0;0;0;0;0;0;0;0;0;0;0
EXOC1;0;0;0;0;0;0;0;0;0;0;0;0
TMEM30A;0;0;0;0;0;0;0;0;0;0;0;0
PANK4;0;0;0;0;0;0;0;0;0;0;0;0
INTS7;0;0;0;0;0;0;0;0;0;0;0;0
FANCI;0;0;0;0;0;0;0;0;0;0;0;0
ATAD3A;0;0;0;0;0;0;0;0;0;0;0;0
GNL3L;0;0;0;0;0;0;0;0;0;0;0;0
RBM22;0;0;0;0;0;0;0;0;0;0;0;0
ARGLU1;0;0;0;0;0;0;0;0;0;0;0;0
MRPL16;0;0;0;0;0;0;0;0;0;0;0;0
LYAR;0;0;0;0;0;0;0;0;0;0;0;0
TEX10;0;0;0;0;0;0;0;0;0;0;0;0
NDE1;0;0;0;0;0;0;0;0;0;0;0;0
KCTD5;0;0;0;0;0;0;0;0;0;0;0;0
DDX56;0;0;0;0;0;0;0;0;0;0;0;0
TAB2;0;0;0;0;0;0;0;0;0;0;0;0
TMOD3;0;0;0;0;0;0;0;0;0;0;0;0
MIS18A;0;0;0;0;0;0;0;0;0;0;0;0
FASTKD2;0;0;0;0;0;0;0;0;0;0;0;0
GTSE1;0;0;0;0;0;0;0;0;0;0;0;0
TECR;0;0;0;0;0;0;0;0;0;0;0;0
UBAP1;0;0;0;0;0;0;0;0;0;0;0;0
FMN2;0;0;0;0;0;0;0;0;0;0;0;0
FAM120A;0;0;0;0;0;0;0;0;0;0;0;0
IGF2BP1;0;0;0;0;0;0;0;0;0;0;0;0
CALML5;0;0;0;0;0;0;0;0;0;0;0;0
CHMP5;0;0;0;0;0;0;0;0;0;0;0;0
HACD3;0;0;0;0;0;0;0;0;0;0;0;0
NDUFA13;0;0;0;0;0;0;0;0;0;0;0;0
RAI14;1;1;1;1;1;1;1;1;1;1;1;1
VAPA;0;0;0;0;0;0;0;0;0;0;0;0
SH3BP4;0;0;0;0;0;0;0;0;0;0;0;0
CAMSAP3;0;0;0;0;0;0;0;0;0;0;0;0
KIAA1522;1;1;1;0;1;1;1;1;0;1;1;1
LRFN1;0;0;0;0;0;0;0;0;0;0;0;0
VPS18;0;0;0;0;0;0;0;0;0;0;0;0
RCC2;0;0;0;1;0;0;0;0;0;0;0;0
DIP2B;0;0;0;0;0;0;0;0;0;0;0;0
TENM3;1;1;1;0;1;0;0;0;1;0;1;0
BCCIP;0;0;0;0;0;0;0;0;0;0;0;0
CTTNBP2NL;0;0;0;0;0;0;0;0;0;0;0;0
LARS;0;0;1;0;0;1;0;0;1;0;0;1
RBM27;0;0;0;0;0;0;0;0;0;0;0;0
ANKFY1;0;0;0;0;0;0;0;0;0;0;0;0
SUCLA2;0;0;0;0;0;0;0;0;0;0;0;0
ATXN10;0;0;0;0;0;0;0;0;0;0;0;0
NCDN;0;0;0;0;0;0;0;0;0;0;0;0
EPS15L1;0;0;0;0;0;0;0;0;0;0;0;0
SAE1;0;0;0;0;0;0;0;0;0;0;0;0
COPG2;0;0;0;0;0;0;0;0;0;0;0;0
GNG12;0;0;0;0;0;0;0;0;0;0;0;0
UBA2;0;0;0;0;0;0;0;0;0;0;0;0
CTNNAL1;0;0;0;0;0;0;0;0;0;0;0;0
PEF1;0;0;0;0;0;0;0;0;0;0;0;0
TJP2;1;1;1;1;1;1;1;1;1;1;1;1
MALT1;0;0;0;0;0;0;0;0;0;0;0;0
FTSJ1;0;0;0;0;0;0;0;0;0;0;0;0
ADD3;0;0;0;0;0;0;0;0;0;0;0;0
LRWD1;0;0;0;0;0;0;0;0;0;0;0;0
ABCF2;0;0;0;0;0;0;0;0;0;0;0;0
TES;0;0;0;0;0;0;0;0;0;0;0;0
TUBGCP4;0;0;0;0;0;0;0;0;0;0;0;0
LIMD1;0;0;0;0;0;0;0;0;0;0;0;0
LIMA1;1;1;0;0;0;0;0;1;0;0;1;0
SRP68;0;0;0;1;0;1;0;0;1;0;0;0
CHORDC1;0;0;0;0;0;0;0;0;0;0;0;0
TBK1;0;0;0;0;0;0;0;0;0;0;0;0
SEPT9;0;1;1;0;0;0;0;0;0;0;0;0
DDX20;0;0;0;0;0;0;0;0;0;0;0;0
TMEM2;1;1;1;0;1;1;0;1;1;0;1;1
BAIAP2L1;1;1;1;1;1;1;1;1;1;1;1;1
PFDN2;0;0;0;0;0;0;0;0;0;0;0;0
ATP6V1H;0;0;0;0;0;0;0;0;0;0;0;0
XPO7;0;0;0;0;0;0;0;0;0;0;0;0
PLXNA1;0;0;0;0;0;0;0;0;0;0;0;0
HOOK1;0;0;0;0;0;0;0;0;0;0;0;0
RASAL2;0;0;0;0;0;0;0;0;0;0;0;0
SLC25A13;0;0;0;0;0;0;0;0;0;0;0;0
DBNL;1;1;1;1;1;1;1;1;1;1;1;1
CDC23;0;0;0;0;0;0;0;0;0;0;0;0
ANAPC7;0;0;0;0;0;0;0;0;0;0;0;0
STOML2;0;0;0;0;0;0;0;0;0;0;0;0
VPS28;0;0;0;0;0;0;0;0;0;0;0;0
TNIK;0;1;1;0;1;0;0;1;0;0;1;0
CPSF3;0;0;0;0;0;0;0;0;0;0;0;0
PARP4;0;0;0;0;0;0;0;0;0;0;0;0
FBXO5;0;0;0;0;0;0;0;0;0;0;0;0
CDV3;0;0;0;0;0;0;0;0;0;0;0;0
BAG5;0;0;0;0;0;0;0;0;0;0;0;0
RAB21;0;0;0;0;0;0;0;0;0;0;0;0
TAOK2;1;1;1;0;0;0;0;0;0;0;1;0
CDH7;0;0;0;0;0;0;0;0;0;0;0;0
SLC39A10;0;1;0;0;1;0;0;1;1;0;1;0
KIDINS220;1;1;0;0;1;0;1;1;1;1;1;0
VANGL2;0;0;0;0;0;0;0;0;0;0;0;0
MYO5B;0;0;0;0;0;0;0;0;0;0;0;0
CORO1C;1;1;1;1;1;1;1;1;1;1;1;1
TPX2;1;1;1;1;1;1;1;1;1;1;1;1
NOB1;0;0;0;0;0;0;0;0;0;0;1;1
PRPF19;0;0;0;0;0;0;0;0;0;0;0;0
NENF;0;0;0;0;0;0;0;0;0;0;0;0
VPS4A;0;0;0;0;0;0;0;0;0;0;0;0
G3BP2;0;0;0;0;0;0;0;0;0;0;0;0
STUB1;0;0;0;0;0;0;0;0;0;0;0;0
PACSIN2;1;1;0;1;0;0;1;0;0;1;1;0
DIMT1;0;0;0;0;0;0;0;0;0;0;0;0
TTF2;0;0;0;0;0;0;0;0;0;0;0;0
NSFL1C;0;0;0;0;0;0;0;0;0;0;0;0
PPP6R1;0;0;0;0;0;0;0;0;0;0;0;0
PLCL2;0;0;0;0;0;0;0;0;0;0;0;0
SMG5;0;0;0;0;0;0;0;0;0;0;0;0
USP24;0;0;0;0;0;0;0;0;0;0;0;0
DICER1;0;0;0;0;0;0;0;0;0;0;0;0
WASF3;0;0;0;0;0;0;0;0;0;0;0;0
SHOC2;0;0;0;0;0;0;0;0;0;0;0;0
SRRM2;0;0;0;0;0;0;0;0;0;0;0;0
PA2G4;0;0;0;0;0;0;0;0;0;0;0;0
BAIAP2;1;1;1;1;1;1;1;1;1;1;1;1
SMC3;0;0;0;0;0;0;0;0;0;0;0;0
C14orf166;0;1;0;0;1;0;0;1;0;0;1;0
RUVBL2;0;0;0;0;0;0;0;0;0;0;0;0
AKT3;0;0;0;0;0;0;0;0;0;0;0;0
RUVBL1;0;0;0;0;0;0;0;0;0;0;0;0
NUDC;1;0;0;1;0;0;0;1;0;1;1;0
VDAC3;0;0;0;0;0;0;0;0;0;0;0;0
FARSA;0;0;0;0;0;0;0;0;0;0;0;0
SLC5A6;0;0;0;0;0;0;0;0;0;0;0;0
DRG1;0;0;0;0;0;0;0;0;0;0;0;0
NCKAP1;1;1;1;1;1;1;1;1;1;1;1;0
AKAP2;0;1;1;0;1;0;0;1;1;0;1;1
EFR3B;0;0;0;0;0;0;0;0;0;0;0;0
STK38L;0;0;0;0;0;0;0;0;0;0;0;0
NISCH;0;0;0;0;0;0;0;0;0;0;0;0
EPB41L3;1;1;1;1;1;1;1;1;1;1;1;1
DIS3;0;0;1;0;0;1;0;0;1;0;0;1
LRCH1;0;0;0;0;0;0;0;0;0;0;0;0
DDX52;0;0;0;0;0;0;0;0;0;0;0;0
AP3M1;0;0;0;0;0;0;0;0;0;0;0;0
LEMD3;0;0;0;0;0;0;0;0;0;0;0;0
CARHSP1;0;0;0;0;0;0;0;0;0;0;0;0
NOP58;0;0;0;0;0;0;0;0;0;0;0;0
GIT1;1;1;0;1;1;0;1;1;0;1;1;0
SUGT1;0;0;0;0;0;0;0;0;0;0;0;0
YARS2;0;0;0;0;0;0;0;0;0;0;0;0
ACOT9;0;0;0;0;0;0;0;0;0;0;0;0
SH3GLB1;1;1;0;0;1;0;0;1;0;0;1;0
LUC7L2;0;0;0;0;0;0;0;0;0;0;0;0
FAM96B;0;0;0;0;0;0;0;0;0;0;0;0
MRPS23;0;0;0;0;0;0;0;0;0;0;0;0
STRAP;0;0;0;0;0;0;0;0;0;0;0;0
RTCB;1;1;1;0;1;1;1;1;1;1;1;1
RAP2C;0;0;0;0;0;0;0;0;0;0;0;0
DOPEY2;0;0;0;0;0;0;0;0;0;0;0;0
NOC2L;0;0;0;0;0;0;0;0;0;0;0;0
RPL36;0;0;0;0;0;0;0;0;0;0;0;0
SAMHD1;0;0;0;0;0;0;0;0;0;0;0;0
KNSTRN;0;0;0;0;0;0;0;0;0;0;0;0
HBS1L;0;0;0;0;0;0;0;0;0;0;0;0
TLN1;1;1;1;1;1;1;1;1;1;1;1;1
DAAM1;0;0;0;0;0;0;0;0;0;0;0;0
USP15;0;0;0;0;0;0;0;0;0;0;0;0
FARP1;0;0;0;0;0;0;0;0;0;0;0;0
RAPGEF2;0;0;0;0;0;0;0;0;0;0;0;0
IRS2;0;0;0;0;0;0;0;0;0;0;0;0
DTNA;1;1;1;0;1;0;1;1;1;1;1;1
TELO2;0;0;0;0;0;0;0;0;0;0;0;0
LAS1L;0;0;0;0;0;0;0;0;0;0;0;0
AFG3L2;0;0;0;0;0;0;0;0;0;0;0;0
RNF114;0;0;0;0;0;0;0;0;0;0;0;0
PPME1;0;0;0;0;0;0;0;0;0;0;0;0
KCTD3;0;0;0;0;0;0;0;0;0;0;0;0
YTHDF2;0;0;0;0;0;0;0;0;0;0;0;0
CD2AP;1;1;1;1;1;1;1;1;1;1;1;1
TNPO3;0;0;0;0;0;0;0;0;0;0;0;0
SRPRB;0;0;0;0;0;0;0;0;0;0;0;0
GTF3C5;0;0;0;0;0;0;0;0;0;0;0;0
GTF3C3;0;0;0;0;0;0;0;0;0;0;0;0
CDC42BPB;1;1;1;0;1;1;0;1;1;1;1;1
SNX9;1;1;1;0;1;0;0;1;0;0;1;0
FLVCR1;0;0;0;0;0;0;0;0;0;0;0;0
NUBP2;0;0;0;0;0;0;0;0;0;0;0;0
FHOD1;0;0;0;0;0;0;0;0;0;0;0;0
F11R;0;1;0;0;0;0;0;0;0;0;1;0
COPG1;0;0;0;0;0;0;0;0;0;0;0;0
AUP1;0;0;0;0;0;0;0;0;0;0;0;0
TACC3;0;0;0;0;0;0;0;1;0;0;1;0
DYNC1LI1;0;0;0;0;0;0;0;0;0;0;0;0
EPN1;0;0;0;0;0;0;0;0;0;0;0;0
CSNK1G3;0;0;0;0;0;0;0;0;0;0;0;0
SLC30A1;0;0;0;0;0;0;0;0;0;0;0;0
SLC4A7;0;0;0;0;0;0;0;0;0;0;0;0
WASF2;1;1;1;1;1;1;1;1;1;1;1;1
SEC23IP;0;0;0;0;0;0;0;0;0;0;1;0
ROBO2;0;0;0;0;0;0;0;0;0;0;0;0
PSMC3;0;0;0;0;0;0;0;0;0;0;0;0
ACIN1;0;0;0;0;0;0;0;0;0;0;0;0
PSMA2;0;0;0;0;0;0;0;0;0;0;0;0
GRIPAP1;0;0;0;0;0;0;0;0;0;0;0;0
KIF3A;0;0;0;0;0;0;0;0;0;0;0;0
HYOU1;0;0;0;0;0;0;0;0;0;0;0;0
OGFR;0;0;0;0;0;0;0;0;0;0;0;0
FTO;0;0;0;0;0;0;0;0;0;0;0;0
DDT;0;0;0;0;0;0;0;0;0;0;0;0
RGPD3;0;0;0;0;0;0;0;0;0;0;0;0
KIAA0930;0;0;0;0;0;0;0;0;0;0;0;0
ARPC3;0;0;0;0;0;0;0;0;0;0;0;0
NDRG1;0;0;0;0;0;0;0;0;0;0;0;0
SACM1L;0;0;0;0;0;0;0;0;0;0;0;0
DPH1;0;0;0;0;0;0;0;0;0;0;0;0
RSL1D1;0;0;0;0;0;0;0;0;0;0;0;0
MRPL34;0;0;0;0;0;0;0;0;0;0;0;0
HAX1;0;0;0;0;0;0;0;0;0;0;0;0
NDC80;0;0;0;0;0;0;0;0;0;0;0;0
DCLK1;0;0;0;0;0;0;0;0;0;0;0;0
GGCT;0;0;0;0;0;0;0;0;0;0;0;0
GLS;0;0;0;0;0;0;0;0;0;0;0;0
ECD;0;0;0;0;0;0;0;0;0;0;0;0
PGK1;0;0;0;0;0;0;0;0;0;0;0;0
TUBB4A;0;0;0;0;0;0;0;0;0;0;0;0
PRKAR1A;0;0;0;0;0;0;0;0;0;0;0;0
COX6A1;0;0;0;0;0;0;0;0;0;0;0;0
PRKAR2A;0;0;0;0;0;0;0;0;0;0;0;0
IFNGR1;0;0;0;0;0;0;0;0;0;0;0;0
STMN1;0;0;0;0;0;0;0;0;0;0;0;0
SRM;0;0;0;0;0;0;0;0;0;0;0;0
NFKB1;0;0;0;0;0;0;0;0;0;0;0;0
EIF2S2;0;0;0;0;1;0;0;1;0;0;0;0
MPST;0;0;0;0;0;0;0;0;0;0;0;0
YY1;0;0;0;0;0;0;0;0;0;0;0;0
RPA1;0;0;0;0;0;0;0;0;0;0;0;0
PDIA3;0;0;0;0;0;0;0;0;0;0;0;0
UQCRC1;0;0;0;0;0;0;0;0;0;0;0;0
ARL2;0;0;0;0;0;0;0;0;0;0;0;0
NAA10;0;0;0;0;0;0;0;0;0;0;0;0
IDH2;0;0;0;0;0;0;0;0;0;0;0;0
VASP;0;0;0;0;0;0;0;0;0;0;0;0
METAP2;0;0;0;0;0;0;0;0;0;0;0;0
SUCLG1;0;0;0;0;0;0;0;0;0;0;0;0
HSPA2;0;0;0;0;0;0;0;0;0;0;0;0
BCAT1;0;0;0;0;0;0;0;0;0;0;0;0
NUP107;0;0;0;0;0;0;0;0;0;0;0;0
RAC3;0;0;0;0;0;0;0;0;0;0;0;0
UBE2N;0;0;0;0;0;0;0;0;0;0;0;0
B2M;0;0;0;0;0;0;0;1;0;0;0;0
SUMO2;0;0;0;0;0;0;0;0;0;0;0;0
UBA52;0;0;0;0;0;0;0;0;0;0;0;0
ACTA1;0;0;0;0;0;1;1;0;0;0;0;0
IDI1;0;0;0;0;0;0;0;0;0;0;0;0
TJAP1;0;0;0;0;0;0;0;0;0;0;0;0
ZNF318;0;0;0;0;0;0;0;0;0;0;0;0
WAPAL;0;0;0;0;0;0;0;0;0;0;0;0
PARG;0;0;0;0;0;0;0;0;0;0;0;0
CEP97;0;0;0;0;0;0;0;0;0;0;0;0
CCNYL1;0;0;0;0;0;0;0;0;0;0;0;0
NHLRC2;0;0;0;0;0;0;0;0;0;0;0;0
NUP35;0;0;0;0;0;0;0;0;0;0;0;0
CHAC2;0;0;0;0;0;0;0;0;0;0;0;0
DNAJC9;0;0;0;0;0;0;0;0;0;0;0;0
KIFAP3;0;0;0;0;0;0;0;0;0;0;0;0
ADCK4;0;0;0;0;0;0;0;0;0;0;0;0
GSDMA;0;0;0;0;0;0;0;0;0;0;0;0
MAPKAP1;0;0;0;0;0;0;0;0;0;0;0;0
DDX50;0;0;0;0;0;0;0;0;0;0;0;0
MMTAG2;0;0;0;0;0;0;0;0;0;0;0;0
YTHDF1;0;0;0;0;0;0;0;0;0;0;0;0
GTPBP4;0;0;0;0;0;0;0;0;0;0;0;0
AVEN;0;0;0;0;0;0;0;0;0;0;0;0
KIF15;0;0;0;0;0;0;0;0;0;0;0;0
TRMT1;0;0;0;0;0;0;0;0;0;0;0;0
CALCOCO1;0;0;0;0;0;0;0;0;0;0;0;0
SEC63;0;0;0;0;0;0;0;0;0;0;0;0
AKAP11;0;0;0;0;0;0;0;0;0;0;0;0
PRKAB1;0;0;0;0;0;0;0;0;0;0;0;0
TRAF6;0;0;0;0;0;0;0;0;0;0;0;0
TCEB3;0;0;0;0;0;0;0;0;0;0;0;0
CBWD1;0;0;0;0;0;0;0;0;0;0;0;0
POLD2;0;0;0;0;0;0;0;0;0;0;0;0
RBM15;0;0;0;0;0;0;0;0;0;0;0;0
SEMA6A;0;0;0;0;0;0;0;0;0;0;0;0
SRSF7;0;0;0;0;0;0;0;0;0;0;0;0
PUF60;0;0;0;0;0;0;0;0;0;0;0;0
SH3D19;0;0;0;0;0;0;0;0;0;0;0;0
KIAA0101;0;0;0;0;0;0;0;0;0;0;0;0
GATAD2B;0;0;0;0;0;0;0;0;0;0;0;0
UBE3A;0;0;0;0;0;0;0;0;0;0;0;0
VPS37C;0;0;0;0;0;0;0;0;0;0;0;0
PIGK;0;0;0;0;0;0;0;0;0;0;0;0
DYNLRB1;0;0;0;0;0;0;0;0;0;0;0;0
SLC12A6;0;0;0;0;0;0;0;0;0;0;0;0
ATL2;0;0;0;0;0;0;0;0;0;0;0;0
SMAD2;0;0;0;0;0;0;0;0;0;0;0;0
RANBP3;0;0;0;0;0;0;0;0;0;0;0;0
SUMO1;0;0;0;0;0;0;0;0;0;0;0;0
PCYT1A;0;0;0;0;0;0;0;0;0;0;0;0
COPS4;0;0;0;0;0;0;0;0;0;0;0;0
DTNB;0;0;0;0;0;0;0;0;0;0;0;0
ALYREF;0;0;0;0;0;0;0;0;0;0;0;0
FUBP1;0;0;0;0;0;0;0;0;0;0;0;0
CDCA2;0;0;0;0;0;0;0;0;0;0;0;0
DLD;0;0;0;0;0;0;0;0;0;0;0;0
FAM98A;0;0;0;0;0;0;0;0;0;0;0;0
SUN1;0;0;0;0;0;0;0;0;0;0;0;0
UBTF;0;0;0;0;0;0;0;0;0;0;0;0
NOS1AP;0;0;0;0;0;0;0;0;0;0;0;0
NR2F1;0;0;0;0;0;0;0;0;0;0;0;0
KIAA1211;0;0;0;0;0;0;0;0;0;0;0;0
PDE12;0;0;0;0;0;0;0;0;0;0;0;0
AK2;0;0;0;0;0;0;0;0;0;0;0;0
PPP1CC;0;0;0;0;0;0;0;0;0;0;0;0
SPECC1L-ADORA2A;0;0;0;0;0;0;0;0;0;0;0;0
AMPD2;0;0;0;0;0;0;0;0;0;0;0;0
PHF8;0;0;0;0;0;0;0;0;0;0;0;0
TMA16;0;0;0;0;0;0;0;0;0;0;0;0
RNF40;0;0;0;0;0;0;0;0;0;0;0;0
HAGH;0;0;0;0;0;0;0;0;0;0;0;0
NTHL1;0;0;0;0;0;0;0;0;0;0;0;0
PMM2;0;0;0;0;0;0;0;0;0;0;0;0
CPVL;0;0;0;0;0;0;0;0;0;0;0;0
NEURL4;0;0;0;0;0;0;0;0;0;0;0;0
SMG1;0;0;0;0;0;0;0;0;0;0;0;0
CUL4B;0;0;0;0;0;0;0;0;0;0;0;0
MBD3;0;0;0;0;0;0;0;0;0;0;0;0
PLEKHF1;0;0;0;0;0;0;0;0;0;0;0;0
ZC3H4;0;0;0;0;0;0;0;0;0;0;0;0
DFFA;0;0;0;0;0;0;0;0;0;0;0;0
PIK3C2A;0;0;0;0;0;0;0;0;0;0;0;0
PDXK;0;0;0;0;0;0;0;0;0;0;0;0
PPAP2B;0;0;0;0;0;0;0;0;0;0;0;0
TNFRSF10B;0;0;0;0;0;0;0;0;0;0;0;0
KHNYN;0;0;0;0;0;0;0;0;0;0;0;0
KIF3B;0;0;0;0;0;0;0;0;0;0;0;0
ARHGEF11;0;0;0;0;0;0;0;0;0;0;0;0
LSM1;0;0;0;0;0;0;0;0;0;0;0;0
RNMT;0;0;0;0;0;0;0;0;0;0;0;0
PJA2;0;0;0;0;0;0;0;0;0;0;0;0
CCP110;0;0;0;0;0;0;0;0;0;0;0;0
PRPF3;0;0;0;0;0;0;0;0;0;0;0;0
SIPA1L3;0;0;0;0;0;0;0;0;0;0;0;0
PLIN3;0;0;0;0;0;0;0;0;0;0;0;0
ATP6V1G1;0;0;0;0;0;0;0;0;0;0;0;0
NPM3;0;0;0;0;0;0;0;0;0;0;0;0
UBR5;0;0;0;0;0;0;0;0;0;0;0;0
RTN3;0;0;0;0;0;0;0;0;0;0;0;0
TXNDC12;0;0;0;0;0;0;0;0;0;0;0;0
ACTL6A;0;0;0;0;0;0;0;0;0;0;0;0
GOT2;0;0;0;0;0;0;0;0;0;0;0;0
ETFA;0;0;0;0;0;0;0;0;0;0;0;0
GYS1;0;0;0;0;0;0;0;0;0;0;0;0
HMGA1;0;0;0;0;0;0;0;0;0;0;0;0
COMT;0;0;0;0;0;0;0;0;0;0;0;0
ADRBK1;0;0;0;0;0;0;0;0;0;0;0;0
AZGP1;0;0;0;0;0;0;0;0;0;0;0;0
DDX6;0;0;0;0;0;0;0;0;0;0;0;0
PSMA5;0;0;0;0;0;0;0;0;0;0;0;0
ADD2;0;0;0;0;0;0;0;0;0;0;0;0
ARL3;0;0;0;0;0;0;0;0;0;0;0;0
TALDO1;0;0;0;0;0;0;0;0;0;0;0;0
NCAPD3;0;0;0;0;0;0;0;0;0;0;0;0
RGS7;0;0;0;0;0;0;0;0;0;0;0;0
BID;0;0;0;0;0;0;0;0;0;0;0;0
AP1S2;0;0;0;0;0;0;0;0;0;0;0;0
MTPN;0;0;0;0;0;0;0;0;0;0;0;0
RPL26;0;0;0;0;0;0;0;0;0;0;0;0
UFM1;0;0;0;0;0;0;0;0;0;0;0;0
SKP1;0;0;0;0;0;0;0;0;0;0;0;0
PAFAH1B2;0;0;0;0;0;0;0;0;0;0;0;0
ARF5;0;0;0;0;0;0;0;0;0;0;0;0
CDK6;0;0;0;0;0;0;0;0;0;0;0;0
C1QBP;0;0;0;0;0;0;0;0;0;0;0;0
FCHO2;0;0;0;0;0;0;0;0;0;0;0;0
STX5;0;0;0;0;0;0;0;0;0;0;0;0
PKP1;0;0;0;0;0;0;0;0;0;0;0;0
RASA3;0;0;0;0;0;0;0;0;0;0;0;0
NAA30;0;0;0;0;0;0;0;0;0;0;0;0
ZNF638;0;0;0;0;0;0;0;0;0;0;0;0
EEA1;0;0;0;0;0;0;0;0;0;0;0;0
NDUFA5;0;0;0;0;0;0;0;0;0;0;0;0
PCK2;0;0;0;0;0;0;0;0;0;0;0;0
QRICH1;0;0;0;0;0;0;0;0;0;0;0;0
FAM98B;0;0;0;0;0;0;0;0;0;0;0;0
PDCD4;0;0;0;0;0;0;0;0;0;0;0;0
MOV10;0;0;0;0;0;0;0;0;0;0;0;0
NOL9;0;0;0;0;0;0;0;0;0;0;0;0
FLAD1;0;0;0;0;0;0;0;0;0;0;0;0
XPNPEP1;0;0;0;0;0;0;0;0;0;0;0;0
MAGI3;0;0;0;0;0;0;0;0;0;0;0;0
NDRG3;0;0;0;0;0;0;0;0;0;0;0;0
TBC1D9B;0;0;0;0;0;0;0;0;0;0;0;0
TWF2;0;0;0;0;0;0;0;0;0;0;0;0
DHX57;0;0;0;0;0;0;0;0;0;0;0;0
ULK3;0;0;0;0;0;0;0;0;0;0;0;0
BRAT1;0;0;0;0;0;0;0;0;0;0;0;0
RICTOR;0;0;0;0;0;0;0;0;0;0;0;0
CSPG4;0;0;0;0;0;0;0;0;0;0;0;0
RUFY3;0;0;0;0;0;0;0;0;0;0;0;0
MEPCE;0;0;0;0;0;0;0;0;0;0;0;0
TRMT1L;0;0;0;0;0;0;0;0;0;0;0;0
C14orf80;0;0;0;0;0;0;0;0;0;0;0;0
TADA2B;0;0;0;0;0;0;0;0;0;0;0;0
NAA40;0;0;0;0;0;0;0;0;0;0;0;0
DDX51;0;0;0;0;0;0;0;0;0;0;0;0
TXNDC5;0;0;0;0;0;0;0;0;0;0;0;0
SLC30A7;0;0;0;0;0;0;0;0;0;0;0;0
FBXO22;0;0;0;0;0;0;0;0;0;0;0;0
TOR1AIP2;0;0;0;0;0;0;0;0;0;0;0;0
NEDD1;0;0;0;0;0;0;0;0;0;0;0;0
BRIX1;0;0;0;0;0;0;0;0;0;0;0;0
LPGAT1;0;0;0;0;0;0;0;0;0;0;0;0
HIST1H2AC;0;0;0;0;0;0;0;0;0;0;0;0
ZNF622;0;0;0;0;0;0;0;0;0;0;0;0
TBRG4;0;0;0;0;0;0;0;0;0;0;0;0
SPDL1;0;0;0;0;0;0;0;0;0;0;0;0
FBXO17;0;0;0;0;0;0;0;0;0;0;0;0
RNF31;0;0;0;0;0;0;0;0;0;0;0;0
TOE1;0;0;0;0;0;0;0;0;0;0;0;0
SLC35E1;0;0;0;0;0;0;0;0;0;0;0;0
PRRC1;0;0;0;0;0;0;0;0;0;0;0;0
PASK;0;0;0;0;0;0;0;0;0;0;0;0
RANBP9;0;0;0;0;0;0;0;0;0;0;0;0
DNAJC2;0;0;0;0;0;0;0;0;0;0;0;0
NAP1L4;0;0;0;0;0;0;0;0;0;0;0;0
ELAC2;0;0;0;0;0;0;0;0;0;0;0;0
DDX23;0;0;0;0;0;0;0;0;0;0;0;0
PBDC1;0;0;0;0;0;0;0;0;0;0;0;0
UTP14A;0;0;0;0;0;0;0;0;0;0;0;0
OSBPL10;0;0;0;0;0;0;0;0;0;0;0;0
CECR5;0;0;0;0;0;0;0;0;0;0;0;0
ASPSCR1;0;0;0;0;0;0;0;0;0;0;0;0
CEP44;0;0;0;0;0;0;0;0;0;0;0;0
EGLN1;0;0;0;0;0;0;0;0;0;0;0;0
NOL6;0;0;0;0;0;0;0;0;0;0;0;0
C2orf44;0;0;0;0;0;0;0;0;0;0;0;0
MVB12B;0;0;0;0;0;0;0;0;0;0;0;0
NOL11;0;0;0;0;0;0;0;0;0;0;0;0
HMG20A;0;0;0;0;0;0;0;0;0;0;0;0
AASDHPPT;0;0;0;0;0;0;0;0;0;0;0;0
DNAJC11;0;0;0;0;0;0;0;0;0;0;0;0
ARL8B;0;0;0;0;0;0;0;0;0;0;0;0
UCKL1;0;0;0;0;0;0;0;0;0;0;0;0
HSPBP1;0;0;0;0;0;0;0;0;0;0;0;0
KIAA1468;0;0;0;0;0;0;0;0;0;0;0;0
DHCR7;0;0;0;0;0;0;0;0;0;0;0;0
VPS51;0;0;0;0;0;0;0;0;0;0;0;0
BAZ1B;0;0;0;0;0;0;0;0;0;0;0;0
ANAPC5;0;0;0;0;0;0;0;0;0;0;0;0
GGA2;0;0;0;0;0;0;0;0;0;0;0;0
MCTS1;0;0;0;0;0;0;0;0;0;0;0;0
ANKRD50;0;0;0;0;0;0;0;0;0;0;0;0
PRR12;0;0;0;0;0;0;0;0;0;0;0;0
AKAP8L;0;0;0;0;0;0;0;0;0;0;0;0
SCML1;0;0;0;0;0;0;0;0;0;0;0;0
WDR3;0;0;0;0;0;0;0;0;0;0;0;0
SSX2IP;0;0;0;0;0;0;0;0;0;0;0;0
INPP5F;0;0;0;0;0;0;0;0;0;0;0;0
POLDIP2;0;0;0;0;0;0;0;0;0;0;0;0
SF3B6;0;0;0;0;0;0;0;0;0;0;0;0
TCAF1;0;0;0;0;0;0;0;0;0;0;0;0
UTP18;0;0;0;0;0;0;0;0;0;0;0;0
SNX5;0;0;0;0;0;0;0;0;0;0;0;0
CPQ;0;0;0;0;0;0;0;0;0;0;0;0
MTCH2;0;0;0;0;0;0;0;0;0;0;0;0
VPS45;0;0;0;0;0;0;0;0;0;0;0;0
KIAA1524;0;0;0;0;0;0;0;0;0;0;0;0
ATP1A2;0;0;0;0;0;0;0;0;0;0;0;0
PALM2-AKAP2;0;0;0;0;0;0;0;0;0;0;0;0
SEPT6;0;0;0;0;0;0;0;0;0;0;0;0
MZT2B;0;0;0;0;0;0;0;0;0;0;0;0
OXA1L;0;0;0;0;0;0;0;0;0;0;0;0
POLR2H;0;0;0;0;0;0;0;0;0;0;0;0
CYB5B;0;0;0;0;0;0;0;0;0;0;0;0
IBTK;0;0;0;0;0;0;0;0;0;0;0;0
CSTF2;0;0;0;0;0;0;0;0;0;0;0;0
MTMR9;0;0;0;0;0;0;0;0;0;0;0;0
C12orf57;0;0;0;0;0;0;0;0;0;0;0;0
KRT19;0;0;0;0;0;0;0;0;0;0;0;0
KPNA4;0;0;0;0;0;0;0;0;0;0;0;0
IPO8;0;0;0;0;0;0;0;0;0;0;0;0
ZFYVE9;0;0;0;0;0;0;0;0;0;0;0;0
BPNT1;0;0;0;0;0;0;0;0;0;0;0;0
MOCS2;0;0;0;0;0;0;0;0;0;0;0;0
SSB;0;0;0;0;0;0;0;0;0;0;0;0
HMGB1;0;0;0;0;0;0;0;0;0;0;0;0
RPA2;0;0;0;0;0;0;0;0;0;0;0;0
BTF3;0;0;0;0;0;0;0;0;0;0;0;0
PRDX5;0;0;0;0;0;0;0;0;0;0;0;0
CASP14;0;0;0;0;0;0;0;0;0;0;0;0
SRP14;0;0;0;0;0;0;0;0;0;0;0;0
ANP32A;0;0;0;0;0;0;0;0;0;0;0;0
GNPDA1;0;0;0;0;0;0;0;0;0;0;0;0
YARS;0;0;0;0;0;0;0;0;0;0;0;0
ATP5I;0;0;0;0;0;0;0;0;0;0;0;0
PDE4D;0;0;0;0;0;0;0;0;0;0;0;0
TRIM26;0;0;0;0;0;0;0;0;0;0;0;0
TAF10;0;0;0;0;0;0;0;0;0;0;0;0
RARS2;0;0;0;0;0;0;0;0;0;0;0;0
TTBK1;0;0;0;0;0;0;0;0;0;0;0;0
TOM1L2;0;0;0;0;0;0;0;0;0;0;0;0
TMEM55B;0;0;0;0;0;0;0;0;0;0;0;0
PNPLA6;0;0;0;0;0;0;0;0;0;0;0;0
GEMIN6;0;0;0;0;0;0;0;0;0;0;0;0
SERPINB12;0;0;0;0;0;0;0;0;0;0;0;0
RIOK1;0;0;0;0;0;0;0;0;0;0;0;0
HAUS8;0;0;0;0;0;0;0;0;0;0;0;0
EPB41L4B;0;0;0;0;0;0;0;0;0;0;0;0
CWC22;0;0;0;0;0;0;0;0;0;0;0;0
PHPT1;0;0;0;0;0;0;0;0;0;0;0;0
LANCL2;0;0;0;0;0;0;0;0;0;0;0;0
SUN2;0;0;0;0;0;0;0;0;0;0;0;0
ATAD5;0;0;0;0;0;0;0;0;0;0;0;0
PSMD1;0;0;0;0;0;0;0;0;0;0;0;0
CDH4;0;0;0;0;0;0;0;0;0;0;0;0
OTUD5;0;0;0;0;0;0;0;0;0;0;0;0
FAM21A;0;0;0;0;0;0;0;0;0;0;0;0
C21orf33;0;0;0;0;0;0;0;0;0;0;0;0
WDR18;0;0;0;0;0;0;0;0;0;0;0;0
PITPNB;0;0;0;0;0;0;0;0;0;0;0;0
ARPC4;0;0;0;0;0;0;0;0;0;0;0;0
SET;0;0;0;0;0;0;0;0;0;0;0;0
SRCAP;0;0;0;0;0;0;0;0;0;0;0;0
ARID1A;0;0;0;0;0;0;0;0;0;0;0;0
RALGAPA1;0;0;0;0;0;0;0;0;0;0;0;0
CTSD;0;0;0;0;0;0;0;0;0;0;0;0
NUDT19;0;0;0;0;0;0;0;0;0;0;0;0
FAM50A;0;0;0;0;0;0;0;0;0;0;0;0
NDUFS1;0;0;0;0;0;0;0;0;0;0;0;0
GPR89A;0;0;0;0;0;0;0;0;0;0;0;0
PTMA;0;0;0;0;0;0;0;0;0;0;0;0
STAMBP;0;0;0;0;0;0;0;0;0;0;0;0
COPS3;0;0;0;0;0;0;0;0;0;0;0;0
AKR1B1;0;0;0;0;0;0;0;0;0;0;0;0
PYGL;0;0;0;0;0;0;0;0;0;0;0;0
NDUFS8;0;0;0;0;0;0;0;0;0;0;0;0
MAP4K3;0;0;0;0;0;0;0;0;0;0;0;0
PMPCB;0;0;0;0;0;0;0;0;0;0;0;0
SNRPA1;0;0;0;0;0;0;0;0;0;0;0;0
CRK;0;0;0;0;0;0;0;0;0;0;0;0
DCXR;0;0;0;0;0;0;0;0;0;0;0;0
RAD51C;0;0;0;0;0;0;0;0;0;0;0;0
MRPS7;0;0;0;0;0;0;0;0;0;0;0;0
PSMD12;0;0;0;0;0;0;0;0;0;0;0;0
DVL1;0;0;0;0;0;0;0;0;0;0;0;0
EEF1E1;0;0;0;0;0;0;0;0;0;0;0;0
RAD21;0;0;0;0;0;0;0;0;0;0;0;0
LCMT2;0;0;0;0;0;0;0;0;0;0;0;0
ACSL4;0;0;0;0;0;0;0;0;0;0;0;0
RNGTT;0;0;0;0;0;0;0;0;0;0;0;0
WDR1;0;0;0;0;0;0;0;0;0;0;0;0
PPFIA3;0;0;0;0;0;0;0;0;0;0;0;0
H2AFY;0;0;0;0;0;0;0;0;0;0;0;0
HEXIM1;0;0;0;0;0;0;0;0;0;0;0;0
CAT;0;0;0;0;0;0;0;0;0;0;0;0
HMGN2;0;0;0;0;0;0;0;0;0;0;0;0
LTA4H;0;0;0;0;0;0;0;0;0;0;0;0
UQCRFS1;0;0;0;0;0;0;0;0;0;0;0;0
TOP1;0;0;0;0;0;0;0;0;0;0;0;0
LAMP2;0;0;0;0;0;0;0;0;0;0;0;0
AKR1A1;0;0;0;0;0;0;0;0;0;0;0;0
RCC1;0;0;0;0;0;0;0;0;0;0;0;0
PTMS;0;0;0;0;0;0;0;0;0;0;0;0
PTPN3;0;0;0;0;0;0;0;0;0;0;0;0
HMGB2;0;0;0;0;0;0;0;0;0;0;0;0
AK4;0;0;0;0;0;0;0;0;0;0;0;0
APEX1;0;0;0;0;0;0;0;0;0;0;0;0
CALR;0;0;0;0;0;0;0;0;0;0;0;0
ECHS1;0;0;0;0;0;0;0;0;0;0;0;0
CETN2;0;0;0;0;0;0;0;0;0;0;0;0
NOP2;0;0;0;0;0;0;0;0;0;0;0;0
CENPF;0;0;0;0;0;0;0;0;0;0;0;0
MCM2;0;0;0;0;0;0;0;0;0;0;0;0
NUP98;0;0;0;0;0;0;0;0;0;0;0;0
CTBP2;0;0;0;0;0;0;0;0;0;0;0;0
WDR5;0;0;0;0;0;0;0;0;0;0;0;0
RPS21;0;0;0;0;0;0;0;0;0;0;0;0
CSNK2B;0;0;0;0;0;0;0;0;0;0;0;0
EXOSC10;0;0;0;0;0;0;0;0;0;0;0;0
LMNB2;0;0;0;0;0;0;0;0;0;0;0;0
CEBPZ;0;0;0;0;0;0;0;0;0;0;0;0
SSBP1;0;0;0;0;0;0;0;0;0;0;0;0
ASPH;0;0;0;0;0;0;0;0;0;0;0;0
CALCOCO2;0;0;0;0;0;0;0;0;0;0;0;0
UBE4A;0;0;0;0;0;0;0;0;0;0;0;0
PRPSAP1;0;0;0;0;0;0;0;0;0;0;0;0
RAB39A;0;0;0;0;0;0;0;0;0;0;0;0
PDK3;0;0;0;0;0;0;0;0;0;0;0;0
SF3A1;0;0;0;0;0;0;0;0;0;0;0;0
TST;0;0;0;0;0;0;0;0;0;0;0;0
UBE2S;0;0;0;0;0;0;0;0;0;0;0;0
CDON;0;0;0;0;0;0;0;0;0;0;0;0
KIAA1217;0;0;0;0;0;0;0;0;0;0;0;0
VPS53;0;0;0;0;0;0;0;0;0;0;0;0
LCLAT1;0;0;0;0;0;0;0;0;0;0;0;0
TMTC3;0;0;0;0;0;0;0;0;0;0;0;0
CHD1L;0;0;0;0;0;0;0;0;0;0;0;0
RPS19BP1;0;0;0;0;0;0;0;0;0;0;0;0
DDX42;0;0;0;0;0;0;0;0;0;0;0;0
IRF2BP1;0;0;0;0;0;0;0;0;0;0;0;0
KSR1;0;0;0;0;0;0;0;0;0;0;0;0
STAG2;0;0;0;0;0;0;0;0;0;0;0;0
ABTB2;0;0;0;0;0;0;0;0;0;0;0;0
RDH11;0;0;0;0;0;0;0;0;0;0;0;0
PPIL4;0;0;0;0;0;0;0;0;0;0;0;0
ELMO1;0;0;0;0;0;0;0;0;0;0;0;0
SYMPK;0;0;0;0;0;0;0;0;0;0;0;0
CCDC47;0;0;0;0;0;0;0;0;0;0;0;0
CCDC101;0;0;0;0;0;0;0;0;0;0;0;0
DDRGK1;0;0;0;0;0;0;0;0;0;0;0;0
FBXL18;0;0;0;0;0;0;0;0;0;0;0;0
SFXN2;0;0;0;0;0;0;0;0;0;0;0;0
SEC62;0;0;0;0;0;0;0;0;0;0;0;0
CPPED1;0;0;0;0;0;0;0;0;0;0;0;0
ERP44;0;0;0;0;0;0;0;0;0;0;0;0
ALG1;0;0;0;0;0;0;0;0;0;0;0;0
HGH1;0;0;0;0;0;0;0;0;0;0;0;0
JAM3;0;0;0;0;0;0;0;0;0;0;0;0
CHMP4B;0;0;0;0;0;0;0;0;0;0;0;0
HAUS4;0;0;0;0;0;0;0;0;0;0;0;0
NRDE2;0;0;0;0;0;0;0;0;0;0;0;0
ARMT1;0;0;0;0;0;0;0;0;0;0;0;0
ABCB10;0;0;0;0;0;0;0;0;0;0;0;0
PDS5B;0;0;0;0;0;0;0;0;0;0;0;0
PIH1D1;0;0;0;0;0;0;0;0;0;0;0;0
SMPD4;0;0;0;0;0;0;0;0;0;0;0;0
HECA;0;0;0;0;0;0;0;0;0;0;0;0
PALD1;0;0;0;0;0;0;0;0;0;0;0;0
SUFU;0;0;0;0;0;0;0;0;0;0;0;0
THRAP3;0;0;0;0;0;0;0;0;0;0;0;0
WBP11;0;0;0;0;0;0;0;0;0;0;0;0
LSM2;0;0;0;0;0;0;0;0;0;0;0;0
TLN2;0;0;0;0;0;0;0;0;0;0;0;0
SUPT16H;0;0;0;0;0;0;0;0;0;0;0;0
MAGED1;0;0;0;0;0;0;0;0;0;0;0;0
TPD52L2;0;0;0;0;0;0;0;0;0;0;0;0
GPS1;0;0;0;0;0;0;0;0;0;0;0;0
ALDH7A1;0;0;0;0;0;0;0;0;0;0;0;0
LSM8;0;0;0;0;0;0;0;0;0;0;0;0
MPI;0;0;0;0;0;0;0;0;0;0;0;0
MLEC;0;0;0;0;0;0;0;0;0;0;0;0
COX5A;0;0;0;0;0;0;0;0;0;0;0;0
STXBP2;0;0;0;0;0;0;0;0;0;0;0;0
RAB29;0;0;0;0;0;0;0;0;0;0;0;0
PDIA4;0;0;0;0;0;0;0;0;0;0;0;0
ATP5J;0;0;0;0;0;0;0;0;0;0;0;0
ERP29;0;0;0;0;0;0;0;0;0;0;0;0
ATP5D;0;0;0;0;0;0;0;0;0;0;0;0
ACAA2;0;0;0;0;0;0;0;0;0;0;0;0
PSMD7;0;0;0;0;0;0;0;0;0;0;0;0
ACTR2;0;0;0;0;0;0;0;0;0;0;0;0
TBL3;0;0;0;0;0;0;0;0;0;0;0;0
SNW1;0;0;0;0;0;0;0;0;0;0;0;0
INADL;0;0;0;0;0;0;0;0;0;0;0;0
C2orf47;0;0;0;0;0;0;0;0;0;0;0;0
PPP1R13B;0;0;0;0;0;0;0;0;0;0;0;0
PEO1;0;0;0;0;0;0;0;0;0;0;0;0
ECSIT;0;0;0;0;0;0;0;0;0;0;0;0
TXNDC17;0;0;0;0;0;0;0;0;0;0;0;0
ATPIF1;0;0;0;0;0;0;0;0;0;0;0;0
TEX2;0;0;0;0;0;0;0;0;0;0;0;0
CPSF3L;0;0;0;0;0;0;0;0;0;0;0;0
ACAP2;0;0;0;0;0;0;0;0;0;0;0;0
PPAN-P2RY11;0;0;0;0;0;0;0;0;0;0;0;0
NELFA;0;0;0;0;0;0;0;0;0;0;0;0
LAMTOR5;0;0;0;0;0;0;0;0;0;0;0;0
PHF14;0;0;0;0;0;0;0;0;0;0;0;0
OFD1;0;0;0;0;0;0;0;0;0;0;0;0
SMCHD1;0;0;0;0;0;0;0;0;0;0;0;0
SNRPG;0;0;0;0;0;0;0;0;0;0;0;0
BZW2;0;0;0;0;0;0;0;0;0;0;0;0
GBAS;0;0;0;0;0;0;0;0;0;0;0;0
RPL30;0;0;0;0;0;0;0;0;0;0;0;0
CETN3;0;0;0;0;0;0;0;0;0;0;0;0
TACC2;0;0;0;0;0;0;0;0;0;0;0;0
CRMP1;0;0;0;0;0;0;0;0;0;0;0;0
TMEM41B;0;0;0;0;0;0;0;0;0;0;0;0
CPSF7;0;0;0;0;0;0;0;0;0;0;0;0
FKBP11;0;0;0;0;0;0;0;0;0;0;0;0
TROAP;0;0;0;0;0;0;0;0;0;0;0;0
IGF2BP2;0;0;0;0;0;0;0;0;0;0;0;0
CPSF6;0;0;0;0;0;0;0;0;0;0;0;0
API5;0;0;0;0;0;0;0;0;0;0;0;0
BLM;0;0;0;0;0;0;0;0;0;0;0;0
EBNA1BP2;0;0;0;0;0;0;0;0;0;0;0;0
HMOX2;0;0;0;0;0;0;0;0;0;0;0;0
SMAD4;0;0;0;0;0;0;0;0;0;0;0;0
C2CD2L;0;0;0;0;0;0;0;0;0;0;0;0
NKRF;0;0;0;0;0;0;0;0;0;0;0;0
SURF4;0;0;0;0;0;0;0;0;0;0;0;0
SART1;0;0;0;0;0;0;0;0;0;0;0;0
PRKAB2;0;0;0;0;0;0;0;0;0;0;0;0
MED14;0;0;0;0;0;0;0;0;0;0;0;0
PEX14;0;0;0;0;0;0;0;0;0;0;0;0
SURF6;0;0;0;0;0;0;0;0;0;0;0;0
SCAF4;0;0;0;0;0;0;0;0;0;0;0;0
CYC1;0;0;0;0;0;0;0;0;0;0;0;0
DLAT;0;0;0;0;0;0;0;0;0;0;0;0
LAMP1;0;0;0;0;0;0;0;0;0;0;0;0
PRPS2;0;0;0;0;0;0;0;0;0;0;0;0
TPR;0;0;0;0;0;0;0;0;0;0;0;0
SERPINB3;0;0;0;0;0;0;0;0;0;0;0;0
HNRNPH3;0;0;0;0;0;0;0;0;0;0;0;0
COPB2;0;0;0;0;0;0;0;0;0;0;0;0
DLST;0;0;0;0;0;0;0;0;0;0;0;0
PRIM1;0;0;0;0;0;0;0;0;0;0;0;0
PRIM2;0;0;0;0;0;0;0;0;0;0;0;0
YLPM1;0;0;0;0;0;0;0;0;0;0;0;0
VPS41;0;0;0;0;0;0;0;0;0;0;0;0
NDUFA8;0;0;0;0;0;0;0;0;0;0;0;0
YBEY;0;0;0;0;0;0;0;0;0;0;0;0
GNAI1;0;0;0;0;0;0;0;0;0;0;0;0
OCRL;0;0;0;0;0;0;0;0;0;0;0;0
KMT2A;0;0;0;0;0;0;0;0;0;0;0;0
MLLT11;0;0;0;0;0;0;0;0;0;0;0;0
MRPL28;0;0;0;0;0;0;0;0;0;0;0;0
MTA1;0;0;0;0;0;0;0;0;0;0;0;0
GNL2;0;0;0;0;0;0;0;0;0;0;0;0
MORC3;0;0;0;0;0;0;0;0;0;0;0;0
GSE1;0;0;0;0;0;0;0;0;0;0;0;0
EBP;0;0;0;0;0;0;0;0;0;0;0;0
RSU1;0;0;0;0;0;0;0;0;0;0;0;0
SF3A2;0;0;0;0;0;0;0;0;0;0;0;0
TRIP4;0;0;0;0;0;0;0;0;0;0;0;0
PPP2R5E;0;0;0;0;0;0;0;0;0;0;0;0
PARP14;0;0;0;0;0;0;0;0;0;0;0;0
HEATR1;0;0;0;0;0;0;0;0;0;0;0;0
INTS3;0;0;0;0;0;0;0;0;0;0;0;0
ZCCHC8;0;0;0;0;0;0;0;0;0;0;0;0
FAM111B;0;0;0;0;0;0;0;0;0;0;0;0
FIP1L1;0;0;0;0;0;0;0;0;0;0;0;0
VPS13C;0;0;0;0;0;0;0;0;0;0;0;0
BTN2A1;0;0;0;0;0;0;0;0;0;0;0;0
THOC6;0;0;0;0;0;0;0;0;0;0;0;0
LONP2;0;0;0;0;0;0;0;0;0;0;0;0
DCP1B;0;0;0;0;0;0;0;0;0;0;0;0
VPS52;0;0;0;0;0;0;0;0;0;0;0;0
DDX54;0;0;0;0;0;0;0;0;0;0;0;0
PTPMT1;0;0;0;0;0;0;0;0;0;0;0;0
SKA2;0;0;0;0;0;0;0;0;0;0;0;0
PSPC1;0;0;0;0;0;0;0;0;0;0;0;0
DDX12P;0;0;0;0;0;0;0;0;0;0;0;0
SNRNP40;0;0;0;0;0;0;0;0;0;0;0;0
C9orf72;0;0;0;0;0;0;0;0;0;0;0;0
HAUS7;0;0;0;0;0;0;0;0;0;0;0;0
VRK1;0;0;0;0;0;0;0;0;0;0;0;0
TRIM56;0;0;0;0;0;0;0;0;0;0;0;0
SMARCAD1;0;0;0;0;0;0;0;0;0;0;0;0
ALG2;0;0;0;0;0;0;0;0;0;0;0;0
NCKAP5L;0;0;0;0;0;0;0;0;0;0;0;0
KIAA1549;0;0;0;0;0;0;0;0;0;0;0;0
APMAP;0;0;0;0;0;0;0;0;0;0;0;0
TIGAR;0;0;0;0;0;0;0;0;0;0;0;0
IARS2;0;0;0;0;0;0;0;0;0;0;0;0
MTPAP;0;0;0;0;0;0;0;0;0;0;0;0
POLR3B;0;0;0;0;0;0;0;0;0;0;0;0
CFAP97;0;0;0;0;0;0;0;0;0;0;0;0
PNMA2;0;0;0;0;0;0;0;0;0;0;0;0
FNDC3A;0;0;0;0;0;0;0;0;0;0;0;0
ILK;0;0;0;0;0;0;0;0;0;0;0;0
UBA6;0;0;0;0;0;0;0;0;0;0;0;0
DRG2;0;0;0;0;0;0;0;0;0;0;0;0
MTAP;0;0;0;0;0;0;0;0;0;0;0;0
MAP1A;0;0;0;0;0;0;0;0;0;0;0;0
NUP160;0;0;0;0;0;0;0;0;0;0;0;0
MAGOHB;0;0;0;0;0;0;0;0;0;0;0;0
CTAGE5;0;0;0;0;0;0;0;0;0;0;0;0
M6PR;0;0;0;0;0;0;0;0;0;0;0;0
NME3;0;0;0;0;0;0;0;0;0;0;0;0
ZW10;0;0;0;0;0;0;0;0;0;0;0;0
TTC4;0;0;0;0;0;0;0;0;0;0;0;0
PNP;0;0;0;0;0;0;0;0;0;0;0;0
PIP;0;0;0;0;0;0;0;0;0;0;0;0
RPS6KB1;0;0;0;0;0;0;0;0;0;0;0;0
SLC7A1;0;0;0;0;0;0;0;0;0;0;0;0
GDI1;0;0;0;0;0;0;0;0;0;0;0;0
ACADSB;0;0;0;0;0;0;0;0;0;0;0;0
ARF6;0;0;0;0;0;0;0;0;0;0;0;0
PSMD6;0;0;0;0;0;0;0;0;0;0;0;0
PITRM1;0;0;0;0;0;0;0;0;0;0;0;0
EIF3M;0;0;0;0;0;0;0;0;0;0;0;0
CCDC124;0;0;0;0;0;0;0;0;0;0;0;0
FAM89A;0;0;0;0;0;0;0;0;0;0;0;0
OSBPL3;0;0;0;0;0;0;0;0;0;0;0;0
TM9SF3;0;0;0;0;0;0;0;0;0;0;0;0
XPR1;0;0;0;0;0;0;0;0;0;0;0;0
GTF3C4;0;0;0;0;0;0;0;0;0;0;0;0
CNPY2;0;0;0;0;0;0;0;0;0;0;0;0
HSPE1-MOB4;0;0;0;0;0;0;0;0;0;0;0;0
ARFGAP2;0;0;0;0;0;0;0;0;0;0;0;0
PTGES3L-AARSD1;0;0;0;0;0;0;0;0;0;0;0;0
ARHGEF10;0;0;0;0;0;0;0;0;0;0;0;0
IDH3A;0;0;0;0;0;0;0;0;0;0;0;0
MAP2K7;0;0;0;0;0;0;0;0;0;0;0;0
TULP3;0;0;0;0;0;0;0;0;0;0;0;0
SLC5A3;0;0;0;0;0;0;0;0;0;0;0;0
SNRPF;0;0;0;0;0;0;0;0;0;0;0;0
TBC1D1;0;0;0;0;0;0;0;0;0;0;0;0
KATNB1;0;0;0;0;0;0;0;0;0;0;0;0
TNFRSF10D;0;0;0;0;0;0;0;0;0;0;0;0
MAGT1;0;0;0;0;0;0;0;0;0;0;0;0
RALGAPB;0;0;0;0;0;0;0;0;0;0;0;0
MAEA;0;0;0;0;0;0;0;0;0;0;0;0
CDK17;0;0;0;0;0;0;0;0;0;0;0;0
CNOT2;0;0;0;0;0;0;0;0;0;0;0;0
TSC2;0;0;0;0;0;0;0;0;0;0;0;0
CUTA;0;0;0;0;0;0;0;0;0;0;0;0
DNAJC6;0;0;0;0;0;0;0;0;0;0;0;0
SRP19;0;0;0;0;0;0;0;0;0;0;0;0
SLC7A2;0;0;0;0;0;0;0;0;0;0;0;0
ASPM;0;0;0;0;0;0;0;0;0;0;0;0
SLC7A6;0;0;0;0;0;0;0;0;0;0;0;0
CHAMP1;0;0;0;0;0;0;0;0;0;0;0;0
FMNL2;0;0;0;0;0;0;0;0;0;0;0;0
MTR;0;0;0;0;0;0;0;0;0;0;0;0
C9orf142;0;0;0;0;0;0;0;0;0;0;0;0
DPY30;0;0;0;0;0;0;0;0;0;0;0;0
GEMIN7;0;0;0;0;0;0;0;0;0;0;0;0
CUL2;0;0;0;0;0;0;0;0;0;0;0;0
DNPEP;0;0;0;0;0;0;0;0;0;0;0;0
NRBP1;0;0;0;0;0;0;0;0;0;0;0;0
IPO11;0;0;0;0;0;0;0;0;0;0;0;0
CIRH1A;0;0;0;0;0;0;0;0;0;0;0;0
HTATSF1;0;0;0;0;0;0;0;0;0;0;0;0
LGALS7;0;0;0;0;0;0;0;0;0;0;0;0
SUB1;0;0;0;0;0;0;0;0;0;0;0;0
FABP5;0;0;0;0;0;0;0;0;0;0;0;0
SEMG2;0;0;0;0;0;0;0;0;0;0;0;0
ITPR2;0;0;0;0;0;0;0;0;0;0;0;0
ITPR1;0;0;0;0;0;0;0;0;0;0;0;0
NUP188;0;0;0;0;0;0;0;0;0;0;0;0
XP32;0;0;0;0;0;0;0;0;0;0;0;0
SLC25A24;0;0;0;0;0;0;0;0;0;0;0;0
YRDC;0;0;0;0;0;0;0;0;0;0;0;0
ARHGEF39;0;0;0;0;0;0;0;0;0;0;0;0
SMC1B;0;0;0;0;0;0;0;0;0;0;0;0
DLG5;0;0;0;0;0;0;0;0;0;0;0;0
PNN;0;0;0;0;0;0;0;0;0;0;0;0
NCKIPSD;0;0;0;0;0;0;0;0;0;0;0;0
LSM4;0;0;0;0;0;0;0;0;0;0;0;0
CLIC4;0;0;0;0;0;0;0;0;0;0;0;0
QIL1;0;0;0;0;0;0;0;0;0;0;0;0
PHKG2;0;0;0;0;0;0;0;0;0;0;0;0
NUP85;0;0;0;0;0;0;0;0;0;0;0;0
FANCA;0;0;0;0;0;0;0;0;0;0;0;0
MRPL21;0;0;0;0;0;0;0;0;0;0;0;0
MRPL37;0;0;0;0;0;0;0;0;0;0;0;0
TSPYL1;0;0;0;0;0;0;0;0;0;0;0;0
TCEB2;0;0;0;0;0;0;0;0;0;0;0;0
ABR;0;0;0;0;0;0;0;0;0;0;0;0
SMYD5;0;0;0;0;0;0;0;0;0;0;0;0
ATG9A;0;0;0;0;0;0;0;0;0;0;0;0
PAPSS1;0;0;0;0;0;0;0;0;0;0;0;0
XRCC3;0;0;0;0;0;0;0;0;0;0;0;0
VPS4B;0;0;0;0;0;0;0;0;0;0;0;0
MTA2;0;0;0;0;0;0;0;0;0;0;0;0
RHOBTB3;0;0;0;0;0;0;0;0;0;0;0;0
SLU7;0;0;0;0;0;0;0;0;0;0;0;0
JUN;0;0;0;0;0;0;0;0;0;0;0;0
H2AFX;0;0;0;0;0;0;0;0;0;0;0;0
ZNF24;0;0;0;0;0;0;0;0;0;0;0;0
MAPK1;0;0;0;0;0;0;0;0;0;0;0;0
SMS;0;0;0;0;0;0;0;0;0;0;0;0
RPP30;0;0;0;0;0;0;0;0;0;0;0;0
SSRP1;0;0;0;0;0;0;0;0;0;0;0;0
RAPGEF1;0;0;0;0;0;0;0;0;0;0;0;0
EXOC8;0;0;0;0;0;0;0;0;0;0;0;0
PPM1E;0;0;0;0;0;0;0;0;0;0;0;0
THOC3;0;0;0;0;0;0;0;0;0;0;0;0
SENP3;0;0;0;0;0;0;0;0;0;0;0;0
PSTPIP2;0;0;0;0;0;0;0;0;0;0;0;0
AGO3;0;0;0;0;0;0;0;0;0;0;0;0
RRAGC;0;0;0;0;0;0;0;0;0;0;0;0
SPC25;0;0;0;0;0;0;0;0;0;0;0;0
CELSR2;0;0;0;0;0;0;0;0;0;0;0;0
DCP1A;0;0;0;0;0;0;0;0;0;0;0;0
ECHDC1;0;0;0;0;0;0;0;0;0;0;0;0
HAUS2;0;0;0;0;0;0;0;0;0;0;0;0
KCMF1;0;0;0;0;0;0;0;0;0;0;0;0
STK39;0;0;0;0;0;0;0;0;0;0;0;0
AFF4;0;0;0;0;0;0;0;0;0;0;0;0
ZNHIT2;0;0;0;0;0;0;0;0;0;0;0;0
CNOT11;0;0;0;0;0;0;0;0;0;0;0;0
MTMR6;0;0;0;0;0;0;0;0;0;0;0;0
PDE10A;0;0;0;0;0;0;0;0;0;0;0;0
MRPL11;0;0;0;0;0;0;0;0;0;0;0;0
NOP16;0;0;0;0;0;0;0;0;0;0;0;0
ATG4B;0;0;0;0;0;0;0;0;0;0;0;0
COMMD3-BMI1;0;0;0;0;0;0;0;0;0;0;0;0
DENND4C;0;0;0;0;0;0;0;0;0;0;0;0
GPATCH4;0;0;0;0;0;0;0;0;0;0;0;0
ATP7B;0;0;0;0;0;0;0;0;0;0;0;0
AP2S1;0;0;0;0;0;0;0;0;0;0;0;0
UBE3C;0;0;0;0;0;0;0;0;0;0;0;0
VRK2;0;0;0;0;0;0;0;0;0;0;0;0
CMAS;0;0;0;0;0;0;0;0;0;0;0;0
SLC25A19;0;0;0;0;0;0;0;0;0;0;0;0
SDF2L1;0;0;0;0;0;0;0;0;0;0;0;0
BRD7;0;0;0;0;0;0;0;0;0;0;0;0
EXOSC3;0;0;0;0;0;0;0;0;0;0;0;0
ZCCHC3;0;0;0;0;0;0;0;0;0;0;0;0
CEP72;0;0;0;0;0;0;0;0;0;0;0;0
VTI1B;0;0;0;0;0;0;0;0;0;0;0;0
ZC3H7B;0;0;0;0;0;0;0;0;0;0;0;0
TMA7;0;0;0;0;0;0;0;0;0;0;0;0
SBDS;0;0;0;0;0;0;0;0;0;0;0;0
CFAP20;0;0;0;0;0;0;0;0;0;0;0;0
MORC2;0;0;0;0;0;0;0;0;0;0;0;0
NECAP2;0;0;0;0;0;0;0;0;0;0;0;0
GDAP2;0;0;0;0;0;0;0;0;0;0;0;0
APPL1;0;0;0;0;0;0;0;0;0;0;0;0
SYNRG;0;0;0;0;0;0;0;0;0;0;0;0
GAB2;0;0;0;0;0;0;0;0;0;0;0;0
NDUFS7;0;0;0;0;0;0;0;0;0;0;0;0
STRN4;0;0;0;0;0;0;0;0;0;0;0;0
SUPT4H1;0;0;0;0;0;0;0;0;0;0;0;0
HMGCS1;0;0;0;0;0;0;0;0;0;0;0;0
HP1BP3;0;0;0;0;0;0;0;0;0;0;0;0
NUP54;0;0;0;0;0;0;0;0;0;0;0;0
GLMN;0;0;0;0;0;0;0;0;0;0;0;0
CNNM1;0;0;0;0;0;0;0;0;0;0;0;0
BMP2K;0;0;0;0;0;0;0;0;0;0;0;0
DDX18;0;0;0;0;0;0;0;0;0;0;0;0
POLR3E;0;0;0;0;0;0;0;0;0;0;0;0
TRIM33;0;0;0;0;0;0;0;0;0;0;0;0
C11orf96;0;0;0;0;0;0;0;0;0;0;0;0
ACOT7;0;0;0;0;0;0;0;0;0;0;0;0
DNAJC13;0;0;0;0;0;0;0;0;0;0;0;0
CPOX;0;0;0;0;0;0;0;0;0;0;0;0
VAC14;0;0;0;0;0;0;0;0;0;0;0;0
RABEP1;0;0;0;0;0;0;0;0;0;0;0;0
INA;0;0;0;0;0;0;0;0;0;0;0;0
RALY;0;0;0;0;0;0;0;0;0;0;0;0
DOCK6;0;0;0;0;0;0;0;0;0;0;0;0
POLR1B;0;0;0;0;0;0;0;0;0;0;0;0
GAR1;0;0;0;0;0;0;0;0;0;0;0;0
CDK12;0;0;0;0;0;0;0;0;0;0;0;0
SIPA1L2;0;0;0;0;0;0;0;0;0;0;0;0
FAF1;0;0;0;0;0;0;0;0;0;0;0;0
PLAA;0;0;0;0;0;0;0;0;0;0;0;0
ZNF281;0;0;0;0;0;0;0;0;0;0;0;0
SLAIN2;0;0;0;0;0;0;0;0;0;0;0;0
MRPS18C;0;0;0;0;0;0;0;0;0;0;0;0
NCOA4;0;0;0;0;0;0;0;0;0;0;0;0
SDHA;0;0;0;0;0;0;0;0;0;0;0;0
HECTD4;0;0;0;0;0;0;0;0;0;0;0;0
GJA1;0;0;0;0;0;0;0;0;0;0;0;0
BLMH;0;0;0;0;0;0;0;0;0;0;0;0
SBSN;0;0;0;0;0;0;0;0;0;0;0;0
OSBPL6;0;0;0;0;0;0;0;0;0;0;0;0
NO66;0;0;0;0;0;0;0;0;0;0;0;0
CDKN2AIP;0;0;0;0;0;0;0;0;0;0;0;0
PCDHGC3;0;0;0;0;0;0;0;0;0;0;0;0
MED16;0;0;0;0;0;0;0;0;0;0;0;0
IGHG1;0;0;0;0;0;0;0;0;0;0;0;0
GID8;0;0;0;0;0;0;0;0;0;0;0;0
SACS;0;0;0;0;0;0;0;0;0;0;0;0
CCDC88C;0;0;0;0;0;0;0;0;0;0;0;0
WDR37;0;0;0;0;0;0;0;0;0;0;0;0
ECT2;0;0;0;0;0;0;0;0;0;0;0;0
EMC7;0;0;0;0;0;0;0;0;0;0;0;0
MRTO4;0;0;0;0;0;0;0;0;0;0;0;0
TRAPPC8;0;0;0;0;0;0;0;0;0;0;0;0
PROSER3;0;0;0;0;0;0;0;0;0;0;0;0
PDE4DIP;0;0;0;0;0;0;0;0;0;0;0;0
SLC2A1;0;0;0;0;0;0;0;0;0;0;0;0
PIP4K2B;0;0;0;0;0;0;0;0;0;0;0;0
DPYSL5;0;0;0;0;0;0;0;0;0;0;0;0
HMGN1;0;0;0;0;0;0;0;0;0;0;0;0
HSDL2;0;0;0;0;0;0;0;0;0;0;0;0
WDR11;0;0;0;0;0;0;0;0;0;0;0;0
ERGIC2;0;0;0;0;0;0;0;0;0;0;0;0
SLC4A1AP;0;0;0;0;0;0;0;0;0;0;0;0
PLCG2;0;0;0;0;0;0;0;0;0;0;0;0
AFTPH;0;0;0;0;0;0;0;0;0;0;0;0
AGK;0;0;0;0;0;0;0;0;0;0;0;0
SSSCA1;0;0;0;0;0;0;0;0;0;0;0;0
TOMM40;0;0;0;0;0;0;0;0;0;0;0;0
HSPA6;0;0;0;0;0;0;0;0;0;0;0;0
AP1B1;0;0;0;0;0;0;0;0;0;0;0;0
SHPRH;0;0;0;0;0;0;0;0;0;0;0;0
THADA;0;0;0;0;0;0;0;0;0;0;0;0
DTYMK;0;0;0;0;0;0;0;0;0;0;0;0
VASN;0;0;0;0;0;0;0;0;0;0;0;0
CABLES1;0;0;0;0;0;0;0;0;0;0;0;0
WDR81;0;0;0;0;0;0;0;0;0;0;0;0
UHRF1BP1L;0;0;0;0;0;0;0;0;0;0;0;0
COPS8;0;0;0;0;0;0;0;0;0;0;0;0
DNAJB12;0;0;0;0;0;0;0;0;0;0;0;0
MRPS15;0;0;0;0;0;0;0;0;0;0;0;0
MCU;0;0;0;0;0;0;0;0;0;0;0;0
CAMKK2;0;0;0;0;0;0;0;0;0;0;0;0
SMARCE1;0;0;0;0;0;0;0;0;0;0;0;0
SF3B4;0;0;0;0;0;0;0;0;0;0;0;0
